-- phpMyAdmin SQL Dump
-- version 5.0.2
-- https://www.phpmyadmin.net/
--
-- Host: mysql57
-- Generation Time: Sep 08, 2023 at 01:21 AM
-- Server version: 5.7.37
-- PHP Version: 7.3.21

SET SQL_MODE = "NO_AUTO_VALUE_ON_ZERO";
START TRANSACTION;
SET time_zone = "+00:00";


/*!40101 SET @OLD_CHARACTER_SET_CLIENT=@@CHARACTER_SET_CLIENT */;
/*!40101 SET @OLD_CHARACTER_SET_RESULTS=@@CHARACTER_SET_RESULTS */;
/*!40101 SET @OLD_COLLATION_CONNECTION=@@COLLATION_CONNECTION */;
/*!40101 SET NAMES utf8mb4 */;

--
-- Database: `devtesting`
--

-- --------------------------------------------------------

--
-- Table structure for table `ChangeSet`
--

CREATE TABLE `ChangeSet` (
  `ID` int(11) NOT NULL,
  `ClassName` enum('SilverStripe\\Versioned\\ChangeSet') CHARACTER SET utf8mb4 COLLATE utf8mb4_unicode_ci DEFAULT 'SilverStripe\\Versioned\\ChangeSet',
  `LastEdited` datetime DEFAULT NULL,
  `Created` datetime DEFAULT NULL,
  `Name` varchar(255) CHARACTER SET utf8mb4 COLLATE utf8mb4_unicode_ci DEFAULT NULL,
  `State` enum('open','published','reverted') CHARACTER SET utf8mb4 COLLATE utf8mb4_unicode_ci DEFAULT 'open',
  `IsInferred` tinyint(1) UNSIGNED NOT NULL DEFAULT '0',
  `Description` mediumtext CHARACTER SET utf8mb4 COLLATE utf8mb4_unicode_ci,
  `PublishDate` datetime DEFAULT NULL,
  `LastSynced` datetime DEFAULT NULL,
  `OwnerID` int(11) NOT NULL DEFAULT '0',
  `PublisherID` int(11) NOT NULL DEFAULT '0'
) ENGINE=InnoDB DEFAULT CHARSET=latin1;

--
-- Dumping data for table `ChangeSet`
--

INSERT INTO `ChangeSet` (`ID`, `ClassName`, `LastEdited`, `Created`, `Name`, `State`, `IsInferred`, `Description`, `PublishDate`, `LastSynced`, `OwnerID`, `PublisherID`) VALUES
(1, 'SilverStripe\\Versioned\\ChangeSet', '2023-09-07 12:12:07', '2023-09-07 12:12:07', 'Generated by publish of \'Oliveri Solutions\' at Sep 7, 2023, 12:12 PM', 'published', 1, NULL, '2023-09-07 12:12:07', '2023-09-07 12:12:07', 0, 1),
(2, 'SilverStripe\\Versioned\\ChangeSet', '2023-09-07 16:37:33', '2023-09-07 16:37:33', 'Generated by publish of \'banner\' at Sep 7, 2023, 4:37 PM', 'published', 1, NULL, '2023-09-07 16:37:33', '2023-09-07 16:37:33', 0, 1),
(3, 'SilverStripe\\Versioned\\ChangeSet', '2023-09-08 09:25:41', '2023-09-08 09:25:41', 'Generated by publish of \'banner\' at Sep 8, 2023, 9:25 AM', 'published', 1, NULL, '2023-09-08 09:25:41', '2023-09-08 09:25:41', 0, 1),
(4, 'SilverStripe\\Versioned\\ChangeSet', '2023-09-08 09:25:51', '2023-09-08 09:25:51', 'Generated by publish of \'block 1\' at Sep 8, 2023, 9:25 AM', 'published', 1, NULL, '2023-09-08 09:25:51', '2023-09-08 09:25:51', 0, 1),
(5, 'SilverStripe\\Versioned\\ChangeSet', '2023-09-08 09:25:57', '2023-09-08 09:25:57', 'Generated by publish of \'block 2\' at Sep 8, 2023, 9:25 AM', 'published', 1, NULL, '2023-09-08 09:25:57', '2023-09-08 09:25:57', 0, 1),
(6, 'SilverStripe\\Versioned\\ChangeSet', '2023-09-08 09:25:59', '2023-09-08 09:25:59', 'Generated by publish of \'block 3\' at Sep 8, 2023, 9:25 AM', 'published', 1, NULL, '2023-09-08 09:25:59', '2023-09-08 09:25:59', 0, 1),
(7, 'SilverStripe\\Versioned\\ChangeSet', '2023-09-08 10:40:25', '2023-09-08 10:40:25', 'Generated by publish of \'slider 1\' at Sep 8, 2023, 10:40 AM', 'published', 1, NULL, '2023-09-08 10:40:25', '2023-09-08 10:40:25', 0, 1),
(8, 'SilverStripe\\Versioned\\ChangeSet', '2023-09-08 10:40:25', '2023-09-08 10:40:25', 'Generated by publish of \'slider 2\' at Sep 8, 2023, 10:40 AM', 'published', 1, NULL, '2023-09-08 10:40:25', '2023-09-08 10:40:25', 0, 1),
(9, 'SilverStripe\\Versioned\\ChangeSet', '2023-09-08 10:40:26', '2023-09-08 10:40:26', 'Generated by publish of \'slider 3\' at Sep 8, 2023, 10:40 AM', 'published', 1, NULL, '2023-09-08 10:40:26', '2023-09-08 10:40:26', 0, 1),
(10, 'SilverStripe\\Versioned\\ChangeSet', '2023-09-08 11:39:04', '2023-09-08 11:39:04', 'Generated by publish of \'Support\' at Sep 8, 2023, 11:39 AM', 'published', 1, NULL, '2023-09-08 11:39:04', '2023-09-08 11:39:04', 0, 1),
(11, 'SilverStripe\\Versioned\\ChangeSet', '2023-09-08 11:39:27', '2023-09-08 11:39:27', 'Generated by publish of \'Promotions\' at Sep 8, 2023, 11:39 AM', 'published', 1, NULL, '2023-09-08 11:39:27', '2023-09-08 11:39:27', 0, 1),
(12, 'SilverStripe\\Versioned\\ChangeSet', '2023-09-08 11:39:53', '2023-09-08 11:39:53', 'Generated by publish of \'About\' at Sep 8, 2023, 11:39 AM', 'published', 1, NULL, '2023-09-08 11:39:53', '2023-09-08 11:39:53', 0, 1),
(13, 'SilverStripe\\Versioned\\ChangeSet', '2023-09-08 11:40:37', '2023-09-08 11:40:37', 'Generated by publish of \'Products\' at Sep 8, 2023, 11:40 AM', 'published', 1, NULL, '2023-09-08 11:40:37', '2023-09-08 11:40:37', 0, 1),
(14, 'SilverStripe\\Versioned\\ChangeSet', '2023-09-08 12:55:10', '2023-09-08 12:55:10', 'Generated by publish of \'Home\' at Sep 8, 2023, 12:55 PM', 'published', 1, NULL, '2023-09-08 12:55:10', '2023-09-08 12:55:10', 0, 1),
(15, 'SilverStripe\\Versioned\\ChangeSet', '2023-09-08 12:55:18', '2023-09-08 12:55:18', 'Generated by publish of \'Home\' at Sep 8, 2023, 12:55 PM', 'published', 1, NULL, '2023-09-08 12:55:18', '2023-09-08 12:55:18', 0, 1),
(16, 'SilverStripe\\Versioned\\ChangeSet', '2023-09-08 12:55:39', '2023-09-08 12:55:39', 'Generated by publish of \'Products\' at Sep 8, 2023, 12:55 PM', 'published', 1, NULL, '2023-09-08 12:55:39', '2023-09-08 12:55:39', 0, 1),
(17, 'SilverStripe\\Versioned\\ChangeSet', '2023-09-08 12:56:28', '2023-09-08 12:56:28', 'Generated by publish of \'Products\' at Sep 8, 2023, 12:56 PM', 'published', 1, NULL, '2023-09-08 12:56:28', '2023-09-08 12:56:28', 0, 1);

-- --------------------------------------------------------

--
-- Table structure for table `ChangeSetItem`
--

CREATE TABLE `ChangeSetItem` (
  `ID` int(11) NOT NULL,
  `ClassName` enum('SilverStripe\\Versioned\\ChangeSetItem') CHARACTER SET utf8mb4 COLLATE utf8mb4_unicode_ci DEFAULT 'SilverStripe\\Versioned\\ChangeSetItem',
  `LastEdited` datetime DEFAULT NULL,
  `Created` datetime DEFAULT NULL,
  `VersionBefore` int(11) NOT NULL DEFAULT '0',
  `VersionAfter` int(11) NOT NULL DEFAULT '0',
  `Added` enum('explicitly','implicitly') CHARACTER SET utf8mb4 COLLATE utf8mb4_unicode_ci DEFAULT 'implicitly',
  `ChangeSetID` int(11) NOT NULL DEFAULT '0',
  `ObjectID` int(11) NOT NULL DEFAULT '0',
  `ObjectClass` enum('SilverStripe\\Assets\\File','SilverStripe\\SiteConfig\\SiteConfig','SilverStripe\\Versioned\\ChangeSet','SilverStripe\\Versioned\\ChangeSetItem','SilverStripe\\Assets\\Shortcodes\\FileLink','SilverStripe\\CMS\\Model\\SiteTree','SilverStripe\\CMS\\Model\\SiteTreeLink','SilverStripe\\Security\\Group','SilverStripe\\Security\\LoginAttempt','SilverStripe\\Security\\Member','SilverStripe\\Security\\MemberPassword','SilverStripe\\Security\\Permission','SilverStripe\\Security\\PermissionRole','SilverStripe\\Security\\PermissionRoleCode','SilverStripe\\Security\\RememberLoginHash','SilverStripe\\SessionManager\\Models\\LoginSession','SilverStripe\\Assets\\Folder','SilverStripe\\Assets\\Image','Page','SilverStripe\\ErrorPage\\ErrorPage','SilverStripe\\CMS\\Model\\RedirectorPage','SilverStripe\\CMS\\Model\\VirtualPage') CHARACTER SET utf8mb4 COLLATE utf8mb4_unicode_ci DEFAULT 'SilverStripe\\Assets\\File'
) ENGINE=InnoDB DEFAULT CHARSET=latin1;

--
-- Dumping data for table `ChangeSetItem`
--

INSERT INTO `ChangeSetItem` (`ID`, `ClassName`, `LastEdited`, `Created`, `VersionBefore`, `VersionAfter`, `Added`, `ChangeSetID`, `ObjectID`, `ObjectClass`) VALUES
(1, 'SilverStripe\\Versioned\\ChangeSetItem', '2023-09-07 12:12:07', '2023-09-07 12:12:07', 0, 0, 'explicitly', 1, 1, 'SilverStripe\\SiteConfig\\SiteConfig'),
(2, 'SilverStripe\\Versioned\\ChangeSetItem', '2023-09-07 16:37:33', '2023-09-07 16:37:33', 0, 4, 'explicitly', 2, 1, 'SilverStripe\\Assets\\File'),
(3, 'SilverStripe\\Versioned\\ChangeSetItem', '2023-09-08 09:25:41', '2023-09-08 09:25:41', 4, 6, 'explicitly', 3, 1, 'SilverStripe\\Assets\\File'),
(4, 'SilverStripe\\Versioned\\ChangeSetItem', '2023-09-08 09:25:51', '2023-09-08 09:25:51', 0, 4, 'explicitly', 4, 2, 'SilverStripe\\Assets\\File'),
(5, 'SilverStripe\\Versioned\\ChangeSetItem', '2023-09-08 09:25:57', '2023-09-08 09:25:57', 0, 4, 'explicitly', 5, 3, 'SilverStripe\\Assets\\File'),
(6, 'SilverStripe\\Versioned\\ChangeSetItem', '2023-09-08 09:25:59', '2023-09-08 09:25:59', 0, 4, 'explicitly', 6, 4, 'SilverStripe\\Assets\\File'),
(7, 'SilverStripe\\Versioned\\ChangeSetItem', '2023-09-08 10:40:25', '2023-09-08 10:40:25', 0, 3, 'explicitly', 7, 7, 'SilverStripe\\Assets\\File'),
(8, 'SilverStripe\\Versioned\\ChangeSetItem', '2023-09-08 10:40:25', '2023-09-08 10:40:25', 0, 3, 'explicitly', 8, 5, 'SilverStripe\\Assets\\File'),
(9, 'SilverStripe\\Versioned\\ChangeSetItem', '2023-09-08 10:40:26', '2023-09-08 10:40:26', 0, 3, 'explicitly', 9, 6, 'SilverStripe\\Assets\\File'),
(10, 'SilverStripe\\Versioned\\ChangeSetItem', '2023-09-08 11:39:04', '2023-09-08 11:39:04', 2, 4, 'explicitly', 10, 2, 'SilverStripe\\CMS\\Model\\SiteTree'),
(11, 'SilverStripe\\Versioned\\ChangeSetItem', '2023-09-08 11:39:27', '2023-09-08 11:39:27', 2, 4, 'explicitly', 11, 3, 'SilverStripe\\CMS\\Model\\SiteTree'),
(12, 'SilverStripe\\Versioned\\ChangeSetItem', '2023-09-08 11:39:53', '2023-09-08 11:39:53', 0, 3, 'explicitly', 12, 6, 'SilverStripe\\CMS\\Model\\SiteTree'),
(13, 'SilverStripe\\Versioned\\ChangeSetItem', '2023-09-08 11:40:37', '2023-09-08 11:40:37', 2, 4, 'explicitly', 13, 1, 'SilverStripe\\CMS\\Model\\SiteTree'),
(14, 'SilverStripe\\Versioned\\ChangeSetItem', '2023-09-08 12:55:10', '2023-09-08 12:55:10', 4, 6, 'explicitly', 14, 1, 'SilverStripe\\CMS\\Model\\SiteTree'),
(15, 'SilverStripe\\Versioned\\ChangeSetItem', '2023-09-08 12:55:18', '2023-09-08 12:55:18', 6, 8, 'explicitly', 15, 1, 'SilverStripe\\CMS\\Model\\SiteTree'),
(16, 'SilverStripe\\Versioned\\ChangeSetItem', '2023-09-08 12:55:39', '2023-09-08 12:55:39', 0, 3, 'explicitly', 16, 7, 'SilverStripe\\CMS\\Model\\SiteTree'),
(17, 'SilverStripe\\Versioned\\ChangeSetItem', '2023-09-08 12:56:28', '2023-09-08 12:56:28', 3, 5, 'explicitly', 17, 7, 'SilverStripe\\CMS\\Model\\SiteTree');

-- --------------------------------------------------------

--
-- Table structure for table `ChangeSetItem_ReferencedBy`
--

CREATE TABLE `ChangeSetItem_ReferencedBy` (
  `ID` int(11) NOT NULL,
  `ChangeSetItemID` int(11) NOT NULL DEFAULT '0',
  `ChildID` int(11) NOT NULL DEFAULT '0'
) ENGINE=InnoDB DEFAULT CHARSET=latin1;

-- --------------------------------------------------------

--
-- Table structure for table `ErrorPage`
--

CREATE TABLE `ErrorPage` (
  `ID` int(11) NOT NULL,
  `ErrorCode` int(11) NOT NULL DEFAULT '0'
) ENGINE=InnoDB DEFAULT CHARSET=latin1;

--
-- Dumping data for table `ErrorPage`
--

INSERT INTO `ErrorPage` (`ID`, `ErrorCode`) VALUES
(4, 404),
(5, 500);

-- --------------------------------------------------------

--
-- Table structure for table `ErrorPage_Live`
--

CREATE TABLE `ErrorPage_Live` (
  `ID` int(11) NOT NULL,
  `ErrorCode` int(11) NOT NULL DEFAULT '0'
) ENGINE=InnoDB DEFAULT CHARSET=latin1;

--
-- Dumping data for table `ErrorPage_Live`
--

INSERT INTO `ErrorPage_Live` (`ID`, `ErrorCode`) VALUES
(4, 404),
(5, 500);

-- --------------------------------------------------------

--
-- Table structure for table `ErrorPage_Versions`
--

CREATE TABLE `ErrorPage_Versions` (
  `ID` int(11) NOT NULL,
  `RecordID` int(11) NOT NULL DEFAULT '0',
  `Version` int(11) NOT NULL DEFAULT '0',
  `ErrorCode` int(11) NOT NULL DEFAULT '0'
) ENGINE=InnoDB DEFAULT CHARSET=latin1;

--
-- Dumping data for table `ErrorPage_Versions`
--

INSERT INTO `ErrorPage_Versions` (`ID`, `RecordID`, `Version`, `ErrorCode`) VALUES
(1, 4, 1, 404),
(2, 4, 2, 404),
(3, 5, 1, 500),
(4, 5, 2, 500);

-- --------------------------------------------------------

--
-- Table structure for table `File`
--

CREATE TABLE `File` (
  `ID` int(11) NOT NULL,
  `ClassName` enum('SilverStripe\\Assets\\File','SilverStripe\\Assets\\Folder','SilverStripe\\Assets\\Image') CHARACTER SET utf8mb4 COLLATE utf8mb4_unicode_ci DEFAULT 'SilverStripe\\Assets\\File',
  `LastEdited` datetime DEFAULT NULL,
  `Created` datetime DEFAULT NULL,
  `Version` int(11) NOT NULL DEFAULT '0',
  `CanViewType` enum('Anyone','LoggedInUsers','OnlyTheseUsers','Inherit') CHARACTER SET utf8mb4 COLLATE utf8mb4_unicode_ci DEFAULT 'Inherit',
  `CanEditType` enum('LoggedInUsers','OnlyTheseUsers','Inherit') CHARACTER SET utf8mb4 COLLATE utf8mb4_unicode_ci DEFAULT 'Inherit',
  `Name` varchar(255) CHARACTER SET utf8mb4 COLLATE utf8mb4_unicode_ci DEFAULT NULL,
  `Title` varchar(255) CHARACTER SET utf8mb4 COLLATE utf8mb4_unicode_ci DEFAULT NULL,
  `ShowInSearch` tinyint(1) UNSIGNED NOT NULL DEFAULT '1',
  `ParentID` int(11) NOT NULL DEFAULT '0',
  `OwnerID` int(11) NOT NULL DEFAULT '0',
  `FileHash` varchar(255) CHARACTER SET utf8mb4 COLLATE utf8mb4_unicode_ci DEFAULT NULL,
  `FileFilename` varchar(255) CHARACTER SET utf8mb4 COLLATE utf8mb4_unicode_ci DEFAULT NULL,
  `FileVariant` varchar(255) CHARACTER SET utf8mb4 COLLATE utf8mb4_unicode_ci DEFAULT NULL
) ENGINE=InnoDB DEFAULT CHARSET=latin1;

--
-- Dumping data for table `File`
--

INSERT INTO `File` (`ID`, `ClassName`, `LastEdited`, `Created`, `Version`, `CanViewType`, `CanEditType`, `Name`, `Title`, `ShowInSearch`, `ParentID`, `OwnerID`, `FileHash`, `FileFilename`, `FileVariant`) VALUES
(1, 'SilverStripe\\Assets\\Image', '2023-09-08 09:25:41', '2023-09-07 16:37:28', 6, 'Inherit', 'Inherit', 'banner.png', 'banner', 1, 0, 1, '03c7fa292aa6c4419330a97d1e5d253c3d141460', 'banner.png', NULL),
(2, 'SilverStripe\\Assets\\Image', '2023-09-08 09:25:51', '2023-09-08 09:24:39', 4, 'Inherit', 'Inherit', 'block-1.png', 'block 1', 1, 0, 1, 'e6b9a6cb7fdabcd280d31980477792b40f1b757e', 'block-1.png', NULL),
(3, 'SilverStripe\\Assets\\Image', '2023-09-08 09:25:57', '2023-09-08 09:24:40', 4, 'Inherit', 'Inherit', 'block-2.png', 'block 2', 1, 0, 1, '8c3063007bc239ef5d2f453ada7e39de041f2b0c', 'block-2.png', NULL),
(4, 'SilverStripe\\Assets\\Image', '2023-09-08 09:25:59', '2023-09-08 09:24:40', 4, 'Inherit', 'Inherit', 'block-3.png', 'block 3', 1, 0, 1, '85f29c41106f8b4e7610335a2ce4309d0be95ede', 'block-3.png', NULL),
(5, 'SilverStripe\\Assets\\Image', '2023-09-08 10:40:25', '2023-09-08 10:40:11', 3, 'Inherit', 'Inherit', 'slider-2.png', 'slider 2', 1, 0, 1, 'f045c3518839b5642c5e6cee463c1c1df7c51396', 'slider-2.png', NULL),
(6, 'SilverStripe\\Assets\\Image', '2023-09-08 10:40:26', '2023-09-08 10:40:13', 3, 'Inherit', 'Inherit', 'slider-3.png', 'slider 3', 1, 0, 1, 'cb9f8ff1d8111a7ac3eee0882c4824f20ac8d5dc', 'slider-3.png', NULL),
(7, 'SilverStripe\\Assets\\Image', '2023-09-08 10:40:25', '2023-09-08 10:40:14', 3, 'Inherit', 'Inherit', 'slider-1.png', 'slider 1', 1, 0, 1, '8728475795e1922ac4084e1704ae13de1766e914', 'slider-1.png', NULL);

-- --------------------------------------------------------

--
-- Table structure for table `FileLink`
--

CREATE TABLE `FileLink` (
  `ID` int(11) NOT NULL,
  `ClassName` enum('SilverStripe\\Assets\\Shortcodes\\FileLink') CHARACTER SET utf8mb4 COLLATE utf8mb4_unicode_ci DEFAULT 'SilverStripe\\Assets\\Shortcodes\\FileLink',
  `LastEdited` datetime DEFAULT NULL,
  `Created` datetime DEFAULT NULL,
  `LinkedID` int(11) NOT NULL DEFAULT '0',
  `ParentID` int(11) NOT NULL DEFAULT '0',
  `ParentClass` enum('SilverStripe\\Assets\\File','SilverStripe\\SiteConfig\\SiteConfig','SilverStripe\\Versioned\\ChangeSet','SilverStripe\\Versioned\\ChangeSetItem','SilverStripe\\Assets\\Shortcodes\\FileLink','SilverStripe\\CMS\\Model\\SiteTree','SilverStripe\\CMS\\Model\\SiteTreeLink','SilverStripe\\Security\\Group','SilverStripe\\Security\\LoginAttempt','SilverStripe\\Security\\Member','SilverStripe\\Security\\MemberPassword','SilverStripe\\Security\\Permission','SilverStripe\\Security\\PermissionRole','SilverStripe\\Security\\PermissionRoleCode','SilverStripe\\Security\\RememberLoginHash','SilverStripe\\SessionManager\\Models\\LoginSession','SilverStripe\\Assets\\Folder','SilverStripe\\Assets\\Image','Page','SilverStripe\\ErrorPage\\ErrorPage','SilverStripe\\CMS\\Model\\RedirectorPage','SilverStripe\\CMS\\Model\\VirtualPage') CHARACTER SET utf8mb4 COLLATE utf8mb4_unicode_ci DEFAULT 'SilverStripe\\Assets\\File'
) ENGINE=InnoDB DEFAULT CHARSET=latin1;

-- --------------------------------------------------------

--
-- Table structure for table `File_EditorGroups`
--

CREATE TABLE `File_EditorGroups` (
  `ID` int(11) NOT NULL,
  `FileID` int(11) NOT NULL DEFAULT '0',
  `GroupID` int(11) NOT NULL DEFAULT '0'
) ENGINE=InnoDB DEFAULT CHARSET=latin1;

-- --------------------------------------------------------

--
-- Table structure for table `File_Live`
--

CREATE TABLE `File_Live` (
  `ID` int(11) NOT NULL,
  `ClassName` enum('SilverStripe\\Assets\\File','SilverStripe\\Assets\\Folder','SilverStripe\\Assets\\Image') CHARACTER SET utf8mb4 COLLATE utf8mb4_unicode_ci DEFAULT 'SilverStripe\\Assets\\File',
  `LastEdited` datetime DEFAULT NULL,
  `Created` datetime DEFAULT NULL,
  `Version` int(11) NOT NULL DEFAULT '0',
  `CanViewType` enum('Anyone','LoggedInUsers','OnlyTheseUsers','Inherit') CHARACTER SET utf8mb4 COLLATE utf8mb4_unicode_ci DEFAULT 'Inherit',
  `CanEditType` enum('LoggedInUsers','OnlyTheseUsers','Inherit') CHARACTER SET utf8mb4 COLLATE utf8mb4_unicode_ci DEFAULT 'Inherit',
  `Name` varchar(255) CHARACTER SET utf8mb4 COLLATE utf8mb4_unicode_ci DEFAULT NULL,
  `Title` varchar(255) CHARACTER SET utf8mb4 COLLATE utf8mb4_unicode_ci DEFAULT NULL,
  `ShowInSearch` tinyint(1) UNSIGNED NOT NULL DEFAULT '1',
  `ParentID` int(11) NOT NULL DEFAULT '0',
  `OwnerID` int(11) NOT NULL DEFAULT '0',
  `FileHash` varchar(255) CHARACTER SET utf8mb4 COLLATE utf8mb4_unicode_ci DEFAULT NULL,
  `FileFilename` varchar(255) CHARACTER SET utf8mb4 COLLATE utf8mb4_unicode_ci DEFAULT NULL,
  `FileVariant` varchar(255) CHARACTER SET utf8mb4 COLLATE utf8mb4_unicode_ci DEFAULT NULL
) ENGINE=InnoDB DEFAULT CHARSET=latin1;

--
-- Dumping data for table `File_Live`
--

INSERT INTO `File_Live` (`ID`, `ClassName`, `LastEdited`, `Created`, `Version`, `CanViewType`, `CanEditType`, `Name`, `Title`, `ShowInSearch`, `ParentID`, `OwnerID`, `FileHash`, `FileFilename`, `FileVariant`) VALUES
(1, 'SilverStripe\\Assets\\Image', '2023-09-08 09:25:41', '2023-09-07 16:37:28', 6, 'Inherit', 'Inherit', 'banner.png', 'banner', 1, 0, 1, '03c7fa292aa6c4419330a97d1e5d253c3d141460', 'banner.png', NULL),
(2, 'SilverStripe\\Assets\\Image', '2023-09-08 09:25:51', '2023-09-08 09:24:39', 4, 'Inherit', 'Inherit', 'block-1.png', 'block 1', 1, 0, 1, 'e6b9a6cb7fdabcd280d31980477792b40f1b757e', 'block-1.png', NULL),
(3, 'SilverStripe\\Assets\\Image', '2023-09-08 09:25:57', '2023-09-08 09:24:40', 4, 'Inherit', 'Inherit', 'block-2.png', 'block 2', 1, 0, 1, '8c3063007bc239ef5d2f453ada7e39de041f2b0c', 'block-2.png', NULL),
(4, 'SilverStripe\\Assets\\Image', '2023-09-08 09:25:59', '2023-09-08 09:24:40', 4, 'Inherit', 'Inherit', 'block-3.png', 'block 3', 1, 0, 1, '85f29c41106f8b4e7610335a2ce4309d0be95ede', 'block-3.png', NULL),
(5, 'SilverStripe\\Assets\\Image', '2023-09-08 10:40:25', '2023-09-08 10:40:11', 3, 'Inherit', 'Inherit', 'slider-2.png', 'slider 2', 1, 0, 1, 'f045c3518839b5642c5e6cee463c1c1df7c51396', 'slider-2.png', NULL),
(6, 'SilverStripe\\Assets\\Image', '2023-09-08 10:40:26', '2023-09-08 10:40:13', 3, 'Inherit', 'Inherit', 'slider-3.png', 'slider 3', 1, 0, 1, 'cb9f8ff1d8111a7ac3eee0882c4824f20ac8d5dc', 'slider-3.png', NULL),
(7, 'SilverStripe\\Assets\\Image', '2023-09-08 10:40:25', '2023-09-08 10:40:14', 3, 'Inherit', 'Inherit', 'slider-1.png', 'slider 1', 1, 0, 1, '8728475795e1922ac4084e1704ae13de1766e914', 'slider-1.png', NULL);

-- --------------------------------------------------------

--
-- Table structure for table `File_Versions`
--

CREATE TABLE `File_Versions` (
  `ID` int(11) NOT NULL,
  `RecordID` int(11) NOT NULL DEFAULT '0',
  `Version` int(11) NOT NULL DEFAULT '0',
  `WasPublished` tinyint(1) UNSIGNED NOT NULL DEFAULT '0',
  `WasDeleted` tinyint(1) UNSIGNED NOT NULL DEFAULT '0',
  `WasDraft` tinyint(1) UNSIGNED NOT NULL DEFAULT '1',
  `AuthorID` int(11) NOT NULL DEFAULT '0',
  `PublisherID` int(11) NOT NULL DEFAULT '0',
  `ClassName` enum('SilverStripe\\Assets\\File','SilverStripe\\Assets\\Folder','SilverStripe\\Assets\\Image') CHARACTER SET utf8mb4 COLLATE utf8mb4_unicode_ci DEFAULT 'SilverStripe\\Assets\\File',
  `LastEdited` datetime DEFAULT NULL,
  `Created` datetime DEFAULT NULL,
  `CanViewType` enum('Anyone','LoggedInUsers','OnlyTheseUsers','Inherit') CHARACTER SET utf8mb4 COLLATE utf8mb4_unicode_ci DEFAULT 'Inherit',
  `CanEditType` enum('LoggedInUsers','OnlyTheseUsers','Inherit') CHARACTER SET utf8mb4 COLLATE utf8mb4_unicode_ci DEFAULT 'Inherit',
  `Name` varchar(255) CHARACTER SET utf8mb4 COLLATE utf8mb4_unicode_ci DEFAULT NULL,
  `Title` varchar(255) CHARACTER SET utf8mb4 COLLATE utf8mb4_unicode_ci DEFAULT NULL,
  `ShowInSearch` tinyint(1) UNSIGNED NOT NULL DEFAULT '1',
  `ParentID` int(11) NOT NULL DEFAULT '0',
  `OwnerID` int(11) NOT NULL DEFAULT '0',
  `FileHash` varchar(255) CHARACTER SET utf8mb4 COLLATE utf8mb4_unicode_ci DEFAULT NULL,
  `FileFilename` varchar(255) CHARACTER SET utf8mb4 COLLATE utf8mb4_unicode_ci DEFAULT NULL,
  `FileVariant` varchar(255) CHARACTER SET utf8mb4 COLLATE utf8mb4_unicode_ci DEFAULT NULL
) ENGINE=InnoDB DEFAULT CHARSET=latin1;

--
-- Dumping data for table `File_Versions`
--

INSERT INTO `File_Versions` (`ID`, `RecordID`, `Version`, `WasPublished`, `WasDeleted`, `WasDraft`, `AuthorID`, `PublisherID`, `ClassName`, `LastEdited`, `Created`, `CanViewType`, `CanEditType`, `Name`, `Title`, `ShowInSearch`, `ParentID`, `OwnerID`, `FileHash`, `FileFilename`, `FileVariant`) VALUES
(1, 1, 1, 0, 0, 1, 1, 0, 'SilverStripe\\Assets\\Image', '2023-09-07 16:37:28', '2023-09-07 16:37:28', 'Inherit', 'Inherit', 'banner.png', 'banner', 1, 0, 1, '03c7fa292aa6c4419330a97d1e5d253c3d141460', 'banner.png', NULL),
(2, 1, 2, 0, 0, 1, 1, 0, 'SilverStripe\\Assets\\Image', '2023-09-07 16:37:28', '2023-09-07 16:37:28', 'Inherit', 'Inherit', 'banner.png', 'banner', 1, 0, 1, '03c7fa292aa6c4419330a97d1e5d253c3d141460', 'banner.png', NULL),
(3, 1, 3, 0, 0, 1, 1, 0, 'SilverStripe\\Assets\\Image', '2023-09-07 16:37:33', '2023-09-07 16:37:28', 'Inherit', 'Inherit', 'banner.png', 'banner', 1, 0, 1, '03c7fa292aa6c4419330a97d1e5d253c3d141460', 'banner.png', NULL),
(4, 1, 4, 1, 0, 1, 1, 1, 'SilverStripe\\Assets\\Image', '2023-09-07 16:37:33', '2023-09-07 16:37:28', 'Inherit', 'Inherit', 'banner.png', 'banner', 1, 0, 1, '03c7fa292aa6c4419330a97d1e5d253c3d141460', 'banner.png', NULL),
(5, 2, 1, 0, 0, 1, 1, 0, 'SilverStripe\\Assets\\Image', '2023-09-08 09:24:39', '2023-09-08 09:24:39', 'Inherit', 'Inherit', 'block-1.png', 'block 1', 1, 0, 1, 'e6b9a6cb7fdabcd280d31980477792b40f1b757e', 'block-1.png', NULL),
(6, 2, 2, 0, 0, 1, 1, 0, 'SilverStripe\\Assets\\Image', '2023-09-08 09:24:39', '2023-09-08 09:24:39', 'Inherit', 'Inherit', 'block-1.png', 'block 1', 1, 0, 1, 'e6b9a6cb7fdabcd280d31980477792b40f1b757e', 'block-1.png', NULL),
(7, 3, 1, 0, 0, 1, 1, 0, 'SilverStripe\\Assets\\Image', '2023-09-08 09:24:40', '2023-09-08 09:24:40', 'Inherit', 'Inherit', 'block-2.png', 'block 2', 1, 0, 1, '8c3063007bc239ef5d2f453ada7e39de041f2b0c', 'block-2.png', NULL),
(8, 3, 2, 0, 0, 1, 1, 0, 'SilverStripe\\Assets\\Image', '2023-09-08 09:24:40', '2023-09-08 09:24:40', 'Inherit', 'Inherit', 'block-2.png', 'block 2', 1, 0, 1, '8c3063007bc239ef5d2f453ada7e39de041f2b0c', 'block-2.png', NULL),
(9, 4, 1, 0, 0, 1, 1, 0, 'SilverStripe\\Assets\\Image', '2023-09-08 09:24:40', '2023-09-08 09:24:40', 'Inherit', 'Inherit', 'block-3.png', 'block 3', 1, 0, 1, '85f29c41106f8b4e7610335a2ce4309d0be95ede', 'block-3.png', NULL),
(10, 4, 2, 0, 0, 1, 1, 0, 'SilverStripe\\Assets\\Image', '2023-09-08 09:24:40', '2023-09-08 09:24:40', 'Inherit', 'Inherit', 'block-3.png', 'block 3', 1, 0, 1, '85f29c41106f8b4e7610335a2ce4309d0be95ede', 'block-3.png', NULL),
(11, 1, 5, 0, 0, 1, 1, 0, 'SilverStripe\\Assets\\Image', '2023-09-08 09:25:41', '2023-09-07 16:37:28', 'Inherit', 'Inherit', 'banner.png', 'banner', 1, 0, 1, '03c7fa292aa6c4419330a97d1e5d253c3d141460', 'banner.png', NULL),
(12, 1, 6, 1, 0, 1, 1, 1, 'SilverStripe\\Assets\\Image', '2023-09-08 09:25:41', '2023-09-07 16:37:28', 'Inherit', 'Inherit', 'banner.png', 'banner', 1, 0, 1, '03c7fa292aa6c4419330a97d1e5d253c3d141460', 'banner.png', NULL),
(13, 2, 3, 0, 0, 1, 1, 0, 'SilverStripe\\Assets\\Image', '2023-09-08 09:25:51', '2023-09-08 09:24:39', 'Inherit', 'Inherit', 'block-1.png', 'block 1', 1, 0, 1, 'e6b9a6cb7fdabcd280d31980477792b40f1b757e', 'block-1.png', NULL),
(14, 2, 4, 1, 0, 1, 1, 1, 'SilverStripe\\Assets\\Image', '2023-09-08 09:25:51', '2023-09-08 09:24:39', 'Inherit', 'Inherit', 'block-1.png', 'block 1', 1, 0, 1, 'e6b9a6cb7fdabcd280d31980477792b40f1b757e', 'block-1.png', NULL),
(15, 3, 3, 0, 0, 1, 1, 0, 'SilverStripe\\Assets\\Image', '2023-09-08 09:25:57', '2023-09-08 09:24:40', 'Inherit', 'Inherit', 'block-2.png', 'block 2', 1, 0, 1, '8c3063007bc239ef5d2f453ada7e39de041f2b0c', 'block-2.png', NULL),
(16, 3, 4, 1, 0, 1, 1, 1, 'SilverStripe\\Assets\\Image', '2023-09-08 09:25:57', '2023-09-08 09:24:40', 'Inherit', 'Inherit', 'block-2.png', 'block 2', 1, 0, 1, '8c3063007bc239ef5d2f453ada7e39de041f2b0c', 'block-2.png', NULL),
(17, 4, 3, 0, 0, 1, 1, 0, 'SilverStripe\\Assets\\Image', '2023-09-08 09:25:59', '2023-09-08 09:24:40', 'Inherit', 'Inherit', 'block-3.png', 'block 3', 1, 0, 1, '85f29c41106f8b4e7610335a2ce4309d0be95ede', 'block-3.png', NULL),
(18, 4, 4, 1, 0, 1, 1, 1, 'SilverStripe\\Assets\\Image', '2023-09-08 09:25:59', '2023-09-08 09:24:40', 'Inherit', 'Inherit', 'block-3.png', 'block 3', 1, 0, 1, '85f29c41106f8b4e7610335a2ce4309d0be95ede', 'block-3.png', NULL),
(19, 5, 1, 0, 0, 1, 1, 0, 'SilverStripe\\Assets\\Image', '2023-09-08 10:40:11', '2023-09-08 10:40:11', 'Inherit', 'Inherit', 'slider-2.png', 'slider 2', 1, 0, 1, 'f045c3518839b5642c5e6cee463c1c1df7c51396', 'slider-2.png', NULL),
(20, 5, 2, 0, 0, 1, 1, 0, 'SilverStripe\\Assets\\Image', '2023-09-08 10:40:11', '2023-09-08 10:40:11', 'Inherit', 'Inherit', 'slider-2.png', 'slider 2', 1, 0, 1, 'f045c3518839b5642c5e6cee463c1c1df7c51396', 'slider-2.png', NULL),
(21, 6, 1, 0, 0, 1, 1, 0, 'SilverStripe\\Assets\\Image', '2023-09-08 10:40:13', '2023-09-08 10:40:13', 'Inherit', 'Inherit', 'slider-3.png', 'slider 3', 1, 0, 1, 'cb9f8ff1d8111a7ac3eee0882c4824f20ac8d5dc', 'slider-3.png', NULL),
(22, 6, 2, 0, 0, 1, 1, 0, 'SilverStripe\\Assets\\Image', '2023-09-08 10:40:13', '2023-09-08 10:40:13', 'Inherit', 'Inherit', 'slider-3.png', 'slider 3', 1, 0, 1, 'cb9f8ff1d8111a7ac3eee0882c4824f20ac8d5dc', 'slider-3.png', NULL),
(23, 7, 1, 0, 0, 1, 1, 0, 'SilverStripe\\Assets\\Image', '2023-09-08 10:40:14', '2023-09-08 10:40:14', 'Inherit', 'Inherit', 'slider-1.png', 'slider 1', 1, 0, 1, '8728475795e1922ac4084e1704ae13de1766e914', 'slider-1.png', NULL),
(24, 7, 2, 0, 0, 1, 1, 0, 'SilverStripe\\Assets\\Image', '2023-09-08 10:40:14', '2023-09-08 10:40:14', 'Inherit', 'Inherit', 'slider-1.png', 'slider 1', 1, 0, 1, '8728475795e1922ac4084e1704ae13de1766e914', 'slider-1.png', NULL),
(25, 7, 3, 1, 0, 1, 1, 1, 'SilverStripe\\Assets\\Image', '2023-09-08 10:40:25', '2023-09-08 10:40:14', 'Inherit', 'Inherit', 'slider-1.png', 'slider 1', 1, 0, 1, '8728475795e1922ac4084e1704ae13de1766e914', 'slider-1.png', NULL),
(26, 5, 3, 1, 0, 1, 1, 1, 'SilverStripe\\Assets\\Image', '2023-09-08 10:40:25', '2023-09-08 10:40:11', 'Inherit', 'Inherit', 'slider-2.png', 'slider 2', 1, 0, 1, 'f045c3518839b5642c5e6cee463c1c1df7c51396', 'slider-2.png', NULL),
(27, 6, 3, 1, 0, 1, 1, 1, 'SilverStripe\\Assets\\Image', '2023-09-08 10:40:26', '2023-09-08 10:40:13', 'Inherit', 'Inherit', 'slider-3.png', 'slider 3', 1, 0, 1, 'cb9f8ff1d8111a7ac3eee0882c4824f20ac8d5dc', 'slider-3.png', NULL);

-- --------------------------------------------------------

--
-- Table structure for table `File_ViewerGroups`
--

CREATE TABLE `File_ViewerGroups` (
  `ID` int(11) NOT NULL,
  `FileID` int(11) NOT NULL DEFAULT '0',
  `GroupID` int(11) NOT NULL DEFAULT '0'
) ENGINE=InnoDB DEFAULT CHARSET=latin1;

-- --------------------------------------------------------

--
-- Table structure for table `Group`
--

CREATE TABLE `Group` (
  `ID` int(11) NOT NULL,
  `ClassName` enum('SilverStripe\\Security\\Group') CHARACTER SET utf8mb4 COLLATE utf8mb4_unicode_ci DEFAULT 'SilverStripe\\Security\\Group',
  `LastEdited` datetime DEFAULT NULL,
  `Created` datetime DEFAULT NULL,
  `Title` varchar(255) CHARACTER SET utf8mb4 COLLATE utf8mb4_unicode_ci DEFAULT NULL,
  `Description` mediumtext CHARACTER SET utf8mb4 COLLATE utf8mb4_unicode_ci,
  `Code` varchar(255) CHARACTER SET utf8mb4 COLLATE utf8mb4_unicode_ci DEFAULT NULL,
  `Locked` tinyint(1) UNSIGNED NOT NULL DEFAULT '0',
  `Sort` int(11) NOT NULL DEFAULT '0',
  `HtmlEditorConfig` mediumtext CHARACTER SET utf8mb4 COLLATE utf8mb4_unicode_ci,
  `ParentID` int(11) NOT NULL DEFAULT '0'
) ENGINE=InnoDB DEFAULT CHARSET=latin1;

--
-- Dumping data for table `Group`
--

INSERT INTO `Group` (`ID`, `ClassName`, `LastEdited`, `Created`, `Title`, `Description`, `Code`, `Locked`, `Sort`, `HtmlEditorConfig`, `ParentID`) VALUES
(1, 'SilverStripe\\Security\\Group', '2023-09-06 13:16:41', '2023-09-06 13:16:41', 'Content Authors', NULL, 'content-authors', 0, 1, NULL, 0),
(2, 'SilverStripe\\Security\\Group', '2023-09-06 13:16:41', '2023-09-06 13:16:41', 'Administrators', NULL, 'administrators', 0, 0, NULL, 0);

-- --------------------------------------------------------

--
-- Table structure for table `Group_Members`
--

CREATE TABLE `Group_Members` (
  `ID` int(11) NOT NULL,
  `GroupID` int(11) NOT NULL DEFAULT '0',
  `MemberID` int(11) NOT NULL DEFAULT '0'
) ENGINE=InnoDB DEFAULT CHARSET=latin1;

--
-- Dumping data for table `Group_Members`
--

INSERT INTO `Group_Members` (`ID`, `GroupID`, `MemberID`) VALUES
(1, 2, 1);

-- --------------------------------------------------------

--
-- Table structure for table `Group_Roles`
--

CREATE TABLE `Group_Roles` (
  `ID` int(11) NOT NULL,
  `GroupID` int(11) NOT NULL DEFAULT '0',
  `PermissionRoleID` int(11) NOT NULL DEFAULT '0'
) ENGINE=InnoDB DEFAULT CHARSET=latin1;

-- --------------------------------------------------------

--
-- Table structure for table `LoginAttempt`
--

CREATE TABLE `LoginAttempt` (
  `ID` int(11) NOT NULL,
  `ClassName` enum('SilverStripe\\Security\\LoginAttempt') CHARACTER SET utf8mb4 COLLATE utf8mb4_unicode_ci DEFAULT 'SilverStripe\\Security\\LoginAttempt',
  `LastEdited` datetime DEFAULT NULL,
  `Created` datetime DEFAULT NULL,
  `EmailHashed` varchar(255) CHARACTER SET utf8mb4 COLLATE utf8mb4_unicode_ci DEFAULT NULL,
  `Status` enum('Success','Failure') CHARACTER SET utf8mb4 COLLATE utf8mb4_unicode_ci DEFAULT 'Success',
  `IP` varchar(255) CHARACTER SET utf8mb4 COLLATE utf8mb4_unicode_ci DEFAULT NULL,
  `MemberID` int(11) NOT NULL DEFAULT '0'
) ENGINE=InnoDB DEFAULT CHARSET=latin1;

--
-- Dumping data for table `LoginAttempt`
--

INSERT INTO `LoginAttempt` (`ID`, `ClassName`, `LastEdited`, `Created`, `EmailHashed`, `Status`, `IP`, `MemberID`) VALUES
(1, 'SilverStripe\\Security\\LoginAttempt', '2023-09-06 13:17:47', '2023-09-06 13:17:47', 'd033e22ae348aeb5660fc2140aec35850c4da997', 'Success', '203.109.194.182', 1),
(2, 'SilverStripe\\Security\\LoginAttempt', '2023-09-06 13:35:37', '2023-09-06 13:35:37', 'd033e22ae348aeb5660fc2140aec35850c4da997', 'Success', '203.109.194.182', 1),
(3, 'SilverStripe\\Security\\LoginAttempt', '2023-09-07 12:10:55', '2023-09-07 12:10:55', 'd033e22ae348aeb5660fc2140aec35850c4da997', 'Success', '203.109.194.182', 1);

-- --------------------------------------------------------

--
-- Table structure for table `LoginSession`
--

CREATE TABLE `LoginSession` (
  `ID` int(11) NOT NULL,
  `ClassName` enum('SilverStripe\\SessionManager\\Models\\LoginSession') CHARACTER SET utf8mb4 COLLATE utf8mb4_unicode_ci DEFAULT 'SilverStripe\\SessionManager\\Models\\LoginSession',
  `LastEdited` datetime DEFAULT NULL,
  `Created` datetime DEFAULT NULL,
  `LastAccessed` datetime DEFAULT NULL,
  `IPAddress` varchar(45) CHARACTER SET utf8mb4 COLLATE utf8mb4_unicode_ci DEFAULT NULL,
  `UserAgent` mediumtext CHARACTER SET utf8mb4 COLLATE utf8mb4_unicode_ci,
  `Persistent` tinyint(1) UNSIGNED NOT NULL DEFAULT '0',
  `MemberID` int(11) NOT NULL DEFAULT '0'
) ENGINE=InnoDB DEFAULT CHARSET=latin1;

--
-- Dumping data for table `LoginSession`
--

INSERT INTO `LoginSession` (`ID`, `ClassName`, `LastEdited`, `Created`, `LastAccessed`, `IPAddress`, `UserAgent`, `Persistent`, `MemberID`) VALUES
(1, 'SilverStripe\\SessionManager\\Models\\LoginSession', '2023-09-06 13:27:49', '2023-09-06 13:17:47', '2023-09-06 13:27:49', '203.109.194.182', 'Mozilla/5.0 (Macintosh; Intel Mac OS X 10_15_7) AppleWebKit/537.36 (KHTML, like Gecko) Chrome/116.0.0.0 Safari/537.36', 0, 1),
(2, 'SilverStripe\\SessionManager\\Models\\LoginSession', '2023-09-06 16:58:59', '2023-09-06 13:35:37', '2023-09-06 16:58:59', '203.109.194.182', 'Mozilla/5.0 (Macintosh; Intel Mac OS X 10_15_7) AppleWebKit/537.36 (KHTML, like Gecko) Chrome/116.0.0.0 Safari/537.36', 0, 1),
(3, 'SilverStripe\\SessionManager\\Models\\LoginSession', '2023-09-08 13:21:26', '2023-09-07 12:10:55', '2023-09-08 13:21:26', '203.109.194.182', 'Mozilla/5.0 (Macintosh; Intel Mac OS X 10_15_7) AppleWebKit/537.36 (KHTML, like Gecko) Chrome/116.0.0.0 Safari/537.36', 0, 1);

-- --------------------------------------------------------

--
-- Table structure for table `Member`
--

CREATE TABLE `Member` (
  `ID` int(11) NOT NULL,
  `ClassName` enum('SilverStripe\\Security\\Member') CHARACTER SET utf8mb4 COLLATE utf8mb4_unicode_ci DEFAULT 'SilverStripe\\Security\\Member',
  `LastEdited` datetime DEFAULT NULL,
  `Created` datetime DEFAULT NULL,
  `FirstName` varchar(255) CHARACTER SET utf8mb4 COLLATE utf8mb4_unicode_ci DEFAULT NULL,
  `Surname` varchar(255) CHARACTER SET utf8mb4 COLLATE utf8mb4_unicode_ci DEFAULT NULL,
  `Email` varchar(254) CHARACTER SET utf8mb4 COLLATE utf8mb4_unicode_ci DEFAULT NULL,
  `TempIDHash` varchar(160) CHARACTER SET utf8mb4 COLLATE utf8mb4_unicode_ci DEFAULT NULL,
  `TempIDExpired` datetime DEFAULT NULL,
  `Password` varchar(160) CHARACTER SET utf8mb4 COLLATE utf8mb4_unicode_ci DEFAULT NULL,
  `AutoLoginHash` varchar(160) CHARACTER SET utf8mb4 COLLATE utf8mb4_unicode_ci DEFAULT NULL,
  `AutoLoginExpired` datetime DEFAULT NULL,
  `PasswordEncryption` varchar(50) CHARACTER SET utf8mb4 COLLATE utf8mb4_unicode_ci DEFAULT NULL,
  `Salt` varchar(50) CHARACTER SET utf8mb4 COLLATE utf8mb4_unicode_ci DEFAULT NULL,
  `PasswordExpiry` date DEFAULT NULL,
  `LockedOutUntil` datetime DEFAULT NULL,
  `Locale` varchar(6) CHARACTER SET utf8mb4 COLLATE utf8mb4_unicode_ci DEFAULT NULL,
  `FailedLoginCount` int(11) NOT NULL DEFAULT '0'
) ENGINE=InnoDB DEFAULT CHARSET=latin1;

--
-- Dumping data for table `Member`
--

INSERT INTO `Member` (`ID`, `ClassName`, `LastEdited`, `Created`, `FirstName`, `Surname`, `Email`, `TempIDHash`, `TempIDExpired`, `Password`, `AutoLoginHash`, `AutoLoginExpired`, `PasswordEncryption`, `Salt`, `PasswordExpiry`, `LockedOutUntil`, `Locale`, `FailedLoginCount`) VALUES
(1, 'SilverStripe\\Security\\Member', '2023-09-07 12:10:55', '2023-09-06 13:16:41', 'Default Admin', NULL, 'admin', '99a082557158395a672738ce7ec92159c7e8b8d4', '2023-09-10 12:10:55', '$2y$10$540b003a3f6ed5f54c9d1upE5fqkpaMV9mD3GvLLsUhIUbFlEephi', NULL, NULL, 'blowfish', '10$540b003a3f6ed5f54c9d17', NULL, NULL, 'en_US', 0);

-- --------------------------------------------------------

--
-- Table structure for table `MemberPassword`
--

CREATE TABLE `MemberPassword` (
  `ID` int(11) NOT NULL,
  `ClassName` enum('SilverStripe\\Security\\MemberPassword') CHARACTER SET utf8mb4 COLLATE utf8mb4_unicode_ci DEFAULT 'SilverStripe\\Security\\MemberPassword',
  `LastEdited` datetime DEFAULT NULL,
  `Created` datetime DEFAULT NULL,
  `Password` varchar(160) CHARACTER SET utf8mb4 COLLATE utf8mb4_unicode_ci DEFAULT NULL,
  `Salt` varchar(50) CHARACTER SET utf8mb4 COLLATE utf8mb4_unicode_ci DEFAULT NULL,
  `PasswordEncryption` varchar(50) CHARACTER SET utf8mb4 COLLATE utf8mb4_unicode_ci DEFAULT NULL,
  `MemberID` int(11) NOT NULL DEFAULT '0'
) ENGINE=InnoDB DEFAULT CHARSET=latin1;

--
-- Dumping data for table `MemberPassword`
--

INSERT INTO `MemberPassword` (`ID`, `ClassName`, `LastEdited`, `Created`, `Password`, `Salt`, `PasswordEncryption`, `MemberID`) VALUES
(1, 'SilverStripe\\Security\\MemberPassword', '2023-09-06 13:16:41', '2023-09-06 13:16:41', '$2y$10$540b003a3f6ed5f54c9d1upE5fqkpaMV9mD3GvLLsUhIUbFlEephi', '10$540b003a3f6ed5f54c9d17', 'blowfish', 1);

-- --------------------------------------------------------

--
-- Table structure for table `Permission`
--

CREATE TABLE `Permission` (
  `ID` int(11) NOT NULL,
  `ClassName` enum('SilverStripe\\Security\\Permission') CHARACTER SET utf8mb4 COLLATE utf8mb4_unicode_ci DEFAULT 'SilverStripe\\Security\\Permission',
  `LastEdited` datetime DEFAULT NULL,
  `Created` datetime DEFAULT NULL,
  `Code` varchar(255) CHARACTER SET utf8mb4 COLLATE utf8mb4_unicode_ci DEFAULT NULL,
  `Arg` int(11) NOT NULL DEFAULT '0',
  `Type` int(11) NOT NULL DEFAULT '1',
  `GroupID` int(11) NOT NULL DEFAULT '0'
) ENGINE=InnoDB DEFAULT CHARSET=latin1;

--
-- Dumping data for table `Permission`
--

INSERT INTO `Permission` (`ID`, `ClassName`, `LastEdited`, `Created`, `Code`, `Arg`, `Type`, `GroupID`) VALUES
(1, 'SilverStripe\\Security\\Permission', '2023-09-06 13:16:41', '2023-09-06 13:16:41', 'CMS_ACCESS_CMSMain', 0, 1, 1),
(2, 'SilverStripe\\Security\\Permission', '2023-09-06 13:16:41', '2023-09-06 13:16:41', 'CMS_ACCESS_AssetAdmin', 0, 1, 1),
(3, 'SilverStripe\\Security\\Permission', '2023-09-06 13:16:41', '2023-09-06 13:16:41', 'CMS_ACCESS_ReportAdmin', 0, 1, 1),
(4, 'SilverStripe\\Security\\Permission', '2023-09-06 13:16:41', '2023-09-06 13:16:41', 'SITETREE_REORGANISE', 0, 1, 1),
(5, 'SilverStripe\\Security\\Permission', '2023-09-06 13:16:41', '2023-09-06 13:16:41', 'ADMIN', 0, 1, 2);

-- --------------------------------------------------------

--
-- Table structure for table `PermissionRole`
--

CREATE TABLE `PermissionRole` (
  `ID` int(11) NOT NULL,
  `ClassName` enum('SilverStripe\\Security\\PermissionRole') CHARACTER SET utf8mb4 COLLATE utf8mb4_unicode_ci DEFAULT 'SilverStripe\\Security\\PermissionRole',
  `LastEdited` datetime DEFAULT NULL,
  `Created` datetime DEFAULT NULL,
  `Title` varchar(255) CHARACTER SET utf8mb4 COLLATE utf8mb4_unicode_ci DEFAULT NULL,
  `OnlyAdminCanApply` tinyint(1) UNSIGNED NOT NULL DEFAULT '0'
) ENGINE=InnoDB DEFAULT CHARSET=latin1;

-- --------------------------------------------------------

--
-- Table structure for table `PermissionRoleCode`
--

CREATE TABLE `PermissionRoleCode` (
  `ID` int(11) NOT NULL,
  `ClassName` enum('SilverStripe\\Security\\PermissionRoleCode') CHARACTER SET utf8mb4 COLLATE utf8mb4_unicode_ci DEFAULT 'SilverStripe\\Security\\PermissionRoleCode',
  `LastEdited` datetime DEFAULT NULL,
  `Created` datetime DEFAULT NULL,
  `Code` varchar(255) CHARACTER SET utf8mb4 COLLATE utf8mb4_unicode_ci DEFAULT NULL,
  `RoleID` int(11) NOT NULL DEFAULT '0'
) ENGINE=InnoDB DEFAULT CHARSET=latin1;

-- --------------------------------------------------------

--
-- Table structure for table `RedirectorPage`
--

CREATE TABLE `RedirectorPage` (
  `ID` int(11) NOT NULL,
  `RedirectionType` enum('Internal','External','File') CHARACTER SET utf8mb4 COLLATE utf8mb4_unicode_ci DEFAULT 'Internal',
  `ExternalURL` varchar(2083) CHARACTER SET utf8mb4 COLLATE utf8mb4_unicode_ci DEFAULT NULL,
  `LinkToID` int(11) NOT NULL DEFAULT '0',
  `LinkToFileID` int(11) NOT NULL DEFAULT '0'
) ENGINE=InnoDB DEFAULT CHARSET=latin1;

-- --------------------------------------------------------

--
-- Table structure for table `RedirectorPage_Live`
--

CREATE TABLE `RedirectorPage_Live` (
  `ID` int(11) NOT NULL,
  `RedirectionType` enum('Internal','External','File') CHARACTER SET utf8mb4 COLLATE utf8mb4_unicode_ci DEFAULT 'Internal',
  `ExternalURL` varchar(2083) CHARACTER SET utf8mb4 COLLATE utf8mb4_unicode_ci DEFAULT NULL,
  `LinkToID` int(11) NOT NULL DEFAULT '0',
  `LinkToFileID` int(11) NOT NULL DEFAULT '0'
) ENGINE=InnoDB DEFAULT CHARSET=latin1;

-- --------------------------------------------------------

--
-- Table structure for table `RedirectorPage_Versions`
--

CREATE TABLE `RedirectorPage_Versions` (
  `ID` int(11) NOT NULL,
  `RecordID` int(11) NOT NULL DEFAULT '0',
  `Version` int(11) NOT NULL DEFAULT '0',
  `RedirectionType` enum('Internal','External','File') CHARACTER SET utf8mb4 COLLATE utf8mb4_unicode_ci DEFAULT 'Internal',
  `ExternalURL` varchar(2083) CHARACTER SET utf8mb4 COLLATE utf8mb4_unicode_ci DEFAULT NULL,
  `LinkToID` int(11) NOT NULL DEFAULT '0',
  `LinkToFileID` int(11) NOT NULL DEFAULT '0'
) ENGINE=InnoDB DEFAULT CHARSET=latin1;

-- --------------------------------------------------------

--
-- Table structure for table `RememberLoginHash`
--

CREATE TABLE `RememberLoginHash` (
  `ID` int(11) NOT NULL,
  `ClassName` enum('SilverStripe\\Security\\RememberLoginHash') CHARACTER SET utf8mb4 COLLATE utf8mb4_unicode_ci DEFAULT 'SilverStripe\\Security\\RememberLoginHash',
  `LastEdited` datetime DEFAULT NULL,
  `Created` datetime DEFAULT NULL,
  `DeviceID` varchar(40) CHARACTER SET utf8mb4 COLLATE utf8mb4_unicode_ci DEFAULT NULL,
  `Hash` varchar(160) CHARACTER SET utf8mb4 COLLATE utf8mb4_unicode_ci DEFAULT NULL,
  `ExpiryDate` datetime DEFAULT NULL,
  `LoginSessionID` int(11) NOT NULL DEFAULT '0',
  `MemberID` int(11) NOT NULL DEFAULT '0'
) ENGINE=InnoDB DEFAULT CHARSET=latin1;

-- --------------------------------------------------------

--
-- Table structure for table `SiteConfig`
--

CREATE TABLE `SiteConfig` (
  `ID` int(11) NOT NULL,
  `ClassName` enum('SilverStripe\\SiteConfig\\SiteConfig') CHARACTER SET utf8mb4 COLLATE utf8mb4_unicode_ci DEFAULT 'SilverStripe\\SiteConfig\\SiteConfig',
  `LastEdited` datetime DEFAULT NULL,
  `Created` datetime DEFAULT NULL,
  `Title` varchar(255) CHARACTER SET utf8mb4 COLLATE utf8mb4_unicode_ci DEFAULT NULL,
  `Tagline` varchar(255) CHARACTER SET utf8mb4 COLLATE utf8mb4_unicode_ci DEFAULT NULL,
  `CanViewType` enum('Anyone','LoggedInUsers','OnlyTheseUsers') CHARACTER SET utf8mb4 COLLATE utf8mb4_unicode_ci DEFAULT 'Anyone',
  `CanEditType` enum('LoggedInUsers','OnlyTheseUsers') CHARACTER SET utf8mb4 COLLATE utf8mb4_unicode_ci DEFAULT 'LoggedInUsers',
  `CanCreateTopLevelType` enum('LoggedInUsers','OnlyTheseUsers') CHARACTER SET utf8mb4 COLLATE utf8mb4_unicode_ci DEFAULT 'LoggedInUsers'
) ENGINE=InnoDB DEFAULT CHARSET=latin1;

--
-- Dumping data for table `SiteConfig`
--

INSERT INTO `SiteConfig` (`ID`, `ClassName`, `LastEdited`, `Created`, `Title`, `Tagline`, `CanViewType`, `CanEditType`, `CanCreateTopLevelType`) VALUES
(1, 'SilverStripe\\SiteConfig\\SiteConfig', '2023-09-07 12:12:07', '2023-09-06 13:16:41', 'Oliveri Solutions', 'Oliveri Solutions Website', 'Anyone', 'LoggedInUsers', 'LoggedInUsers');

-- --------------------------------------------------------

--
-- Table structure for table `SiteConfig_CreateTopLevelGroups`
--

CREATE TABLE `SiteConfig_CreateTopLevelGroups` (
  `ID` int(11) NOT NULL,
  `SiteConfigID` int(11) NOT NULL DEFAULT '0',
  `GroupID` int(11) NOT NULL DEFAULT '0'
) ENGINE=InnoDB DEFAULT CHARSET=latin1;

-- --------------------------------------------------------

--
-- Table structure for table `SiteConfig_EditorGroups`
--

CREATE TABLE `SiteConfig_EditorGroups` (
  `ID` int(11) NOT NULL,
  `SiteConfigID` int(11) NOT NULL DEFAULT '0',
  `GroupID` int(11) NOT NULL DEFAULT '0'
) ENGINE=InnoDB DEFAULT CHARSET=latin1;

-- --------------------------------------------------------

--
-- Table structure for table `SiteConfig_ViewerGroups`
--

CREATE TABLE `SiteConfig_ViewerGroups` (
  `ID` int(11) NOT NULL,
  `SiteConfigID` int(11) NOT NULL DEFAULT '0',
  `GroupID` int(11) NOT NULL DEFAULT '0'
) ENGINE=InnoDB DEFAULT CHARSET=latin1;

-- --------------------------------------------------------

--
-- Table structure for table `SiteTree`
--

CREATE TABLE `SiteTree` (
  `ID` int(11) NOT NULL,
  `ClassName` enum('SilverStripe\\CMS\\Model\\SiteTree','Page','SilverStripe\\ErrorPage\\ErrorPage','SilverStripe\\CMS\\Model\\RedirectorPage','SilverStripe\\CMS\\Model\\VirtualPage') CHARACTER SET utf8mb4 COLLATE utf8mb4_unicode_ci DEFAULT 'Page',
  `LastEdited` datetime DEFAULT NULL,
  `Created` datetime DEFAULT NULL,
  `CanViewType` enum('Anyone','LoggedInUsers','OnlyTheseUsers','Inherit') CHARACTER SET utf8mb4 COLLATE utf8mb4_unicode_ci DEFAULT 'Inherit',
  `CanEditType` enum('LoggedInUsers','OnlyTheseUsers','Inherit') CHARACTER SET utf8mb4 COLLATE utf8mb4_unicode_ci DEFAULT 'Inherit',
  `Version` int(11) NOT NULL DEFAULT '0',
  `URLSegment` varchar(255) CHARACTER SET utf8mb4 COLLATE utf8mb4_unicode_ci DEFAULT NULL,
  `Title` varchar(255) CHARACTER SET utf8mb4 COLLATE utf8mb4_unicode_ci DEFAULT NULL,
  `MenuTitle` varchar(100) CHARACTER SET utf8mb4 COLLATE utf8mb4_unicode_ci DEFAULT NULL,
  `Content` mediumtext CHARACTER SET utf8mb4 COLLATE utf8mb4_unicode_ci,
  `MetaDescription` mediumtext CHARACTER SET utf8mb4 COLLATE utf8mb4_unicode_ci,
  `ExtraMeta` mediumtext CHARACTER SET utf8mb4 COLLATE utf8mb4_unicode_ci,
  `ShowInMenus` tinyint(1) UNSIGNED NOT NULL DEFAULT '0',
  `ShowInSearch` tinyint(1) UNSIGNED NOT NULL DEFAULT '0',
  `Sort` int(11) NOT NULL DEFAULT '0',
  `HasBrokenFile` tinyint(1) UNSIGNED NOT NULL DEFAULT '0',
  `HasBrokenLink` tinyint(1) UNSIGNED NOT NULL DEFAULT '0',
  `ReportClass` varchar(255) CHARACTER SET utf8mb4 COLLATE utf8mb4_unicode_ci DEFAULT NULL,
  `ParentID` int(11) NOT NULL DEFAULT '0'
) ENGINE=InnoDB DEFAULT CHARSET=latin1;

--
-- Dumping data for table `SiteTree`
--

INSERT INTO `SiteTree` (`ID`, `ClassName`, `LastEdited`, `Created`, `CanViewType`, `CanEditType`, `Version`, `URLSegment`, `Title`, `MenuTitle`, `Content`, `MetaDescription`, `ExtraMeta`, `ShowInMenus`, `ShowInSearch`, `Sort`, `HasBrokenFile`, `HasBrokenLink`, `ReportClass`, `ParentID`) VALUES
(1, 'Page', '2023-09-08 12:55:18', '2023-09-06 13:16:41', 'Inherit', 'Inherit', 8, 'home', 'Home', NULL, '<p>Home content here</p>', NULL, NULL, 0, 1, 1, 0, 0, NULL, 0),
(2, 'Page', '2023-09-08 11:39:04', '2023-09-06 13:16:41', 'Inherit', 'Inherit', 4, 'support', 'Support', NULL, '<p>Support Content here</p>', NULL, NULL, 1, 1, 3, 0, 0, NULL, 0),
(3, 'Page', '2023-09-08 11:39:27', '2023-09-06 13:16:41', 'Inherit', 'Inherit', 4, 'promotions', 'Promotions', NULL, '<p>Promotions Content here!</p>', NULL, NULL, 1, 1, 4, 0, 0, NULL, 0),
(4, 'SilverStripe\\ErrorPage\\ErrorPage', '2023-09-06 13:16:41', '2023-09-06 13:16:41', 'Inherit', 'Inherit', 2, 'page-not-found', 'Page not found', NULL, '<p>Sorry, it seems you were trying to access a page that doesn\'t exist.</p><p>Please check the spelling of the URL you were trying to access and try again.</p>', NULL, NULL, 0, 0, 5, 0, 0, NULL, 0),
(5, 'SilverStripe\\ErrorPage\\ErrorPage', '2023-09-06 13:16:42', '2023-09-06 13:16:42', 'Inherit', 'Inherit', 2, 'server-error', 'Server error', NULL, '<p>Sorry, there was a problem with handling your request.</p>', NULL, NULL, 0, 0, 6, 0, 0, NULL, 0),
(6, 'Page', '2023-09-08 11:39:53', '2023-09-08 11:39:35', 'Inherit', 'Inherit', 3, 'about', 'About', NULL, '<p>About content goes here</p>', NULL, NULL, 1, 1, 7, 0, 0, NULL, 0),
(7, 'Page', '2023-09-08 12:56:28', '2023-09-08 12:55:25', 'Inherit', 'Inherit', 5, 'products', 'Products', NULL, '<p>Product content here</p>', NULL, NULL, 1, 1, 2, 0, 0, NULL, 0);

-- --------------------------------------------------------

--
-- Table structure for table `SiteTreeLink`
--

CREATE TABLE `SiteTreeLink` (
  `ID` int(11) NOT NULL,
  `ClassName` enum('SilverStripe\\CMS\\Model\\SiteTreeLink') CHARACTER SET utf8mb4 COLLATE utf8mb4_unicode_ci DEFAULT 'SilverStripe\\CMS\\Model\\SiteTreeLink',
  `LastEdited` datetime DEFAULT NULL,
  `Created` datetime DEFAULT NULL,
  `LinkedID` int(11) NOT NULL DEFAULT '0',
  `ParentID` int(11) NOT NULL DEFAULT '0',
  `ParentClass` enum('SilverStripe\\Assets\\File','SilverStripe\\SiteConfig\\SiteConfig','SilverStripe\\Versioned\\ChangeSet','SilverStripe\\Versioned\\ChangeSetItem','SilverStripe\\Assets\\Shortcodes\\FileLink','SilverStripe\\CMS\\Model\\SiteTree','SilverStripe\\CMS\\Model\\SiteTreeLink','SilverStripe\\Security\\Group','SilverStripe\\Security\\LoginAttempt','SilverStripe\\Security\\Member','SilverStripe\\Security\\MemberPassword','SilverStripe\\Security\\Permission','SilverStripe\\Security\\PermissionRole','SilverStripe\\Security\\PermissionRoleCode','SilverStripe\\Security\\RememberLoginHash','SilverStripe\\SessionManager\\Models\\LoginSession','SilverStripe\\Assets\\Folder','SilverStripe\\Assets\\Image','Page','SilverStripe\\ErrorPage\\ErrorPage','SilverStripe\\CMS\\Model\\RedirectorPage','SilverStripe\\CMS\\Model\\VirtualPage') CHARACTER SET utf8mb4 COLLATE utf8mb4_unicode_ci DEFAULT 'SilverStripe\\Assets\\File'
) ENGINE=InnoDB DEFAULT CHARSET=latin1;

-- --------------------------------------------------------

--
-- Table structure for table `SiteTree_EditorGroups`
--

CREATE TABLE `SiteTree_EditorGroups` (
  `ID` int(11) NOT NULL,
  `SiteTreeID` int(11) NOT NULL DEFAULT '0',
  `GroupID` int(11) NOT NULL DEFAULT '0'
) ENGINE=InnoDB DEFAULT CHARSET=latin1;

-- --------------------------------------------------------

--
-- Table structure for table `SiteTree_Live`
--

CREATE TABLE `SiteTree_Live` (
  `ID` int(11) NOT NULL,
  `ClassName` enum('SilverStripe\\CMS\\Model\\SiteTree','Page','SilverStripe\\ErrorPage\\ErrorPage','SilverStripe\\CMS\\Model\\RedirectorPage','SilverStripe\\CMS\\Model\\VirtualPage') CHARACTER SET utf8mb4 COLLATE utf8mb4_unicode_ci DEFAULT 'Page',
  `LastEdited` datetime DEFAULT NULL,
  `Created` datetime DEFAULT NULL,
  `CanViewType` enum('Anyone','LoggedInUsers','OnlyTheseUsers','Inherit') CHARACTER SET utf8mb4 COLLATE utf8mb4_unicode_ci DEFAULT 'Inherit',
  `CanEditType` enum('LoggedInUsers','OnlyTheseUsers','Inherit') CHARACTER SET utf8mb4 COLLATE utf8mb4_unicode_ci DEFAULT 'Inherit',
  `Version` int(11) NOT NULL DEFAULT '0',
  `URLSegment` varchar(255) CHARACTER SET utf8mb4 COLLATE utf8mb4_unicode_ci DEFAULT NULL,
  `Title` varchar(255) CHARACTER SET utf8mb4 COLLATE utf8mb4_unicode_ci DEFAULT NULL,
  `MenuTitle` varchar(100) CHARACTER SET utf8mb4 COLLATE utf8mb4_unicode_ci DEFAULT NULL,
  `Content` mediumtext CHARACTER SET utf8mb4 COLLATE utf8mb4_unicode_ci,
  `MetaDescription` mediumtext CHARACTER SET utf8mb4 COLLATE utf8mb4_unicode_ci,
  `ExtraMeta` mediumtext CHARACTER SET utf8mb4 COLLATE utf8mb4_unicode_ci,
  `ShowInMenus` tinyint(1) UNSIGNED NOT NULL DEFAULT '0',
  `ShowInSearch` tinyint(1) UNSIGNED NOT NULL DEFAULT '0',
  `Sort` int(11) NOT NULL DEFAULT '0',
  `HasBrokenFile` tinyint(1) UNSIGNED NOT NULL DEFAULT '0',
  `HasBrokenLink` tinyint(1) UNSIGNED NOT NULL DEFAULT '0',
  `ReportClass` varchar(255) CHARACTER SET utf8mb4 COLLATE utf8mb4_unicode_ci DEFAULT NULL,
  `ParentID` int(11) NOT NULL DEFAULT '0'
) ENGINE=InnoDB DEFAULT CHARSET=latin1;

--
-- Dumping data for table `SiteTree_Live`
--

INSERT INTO `SiteTree_Live` (`ID`, `ClassName`, `LastEdited`, `Created`, `CanViewType`, `CanEditType`, `Version`, `URLSegment`, `Title`, `MenuTitle`, `Content`, `MetaDescription`, `ExtraMeta`, `ShowInMenus`, `ShowInSearch`, `Sort`, `HasBrokenFile`, `HasBrokenLink`, `ReportClass`, `ParentID`) VALUES
(1, 'Page', '2023-09-08 12:55:18', '2023-09-06 13:16:41', 'Inherit', 'Inherit', 8, 'home', 'Home', NULL, '<p>Home content here</p>', NULL, NULL, 0, 1, 1, 0, 0, NULL, 0),
(2, 'Page', '2023-09-08 11:39:04', '2023-09-06 13:16:41', 'Inherit', 'Inherit', 4, 'support', 'Support', NULL, '<p>Support Content here</p>', NULL, NULL, 1, 1, 3, 0, 0, NULL, 0),
(3, 'Page', '2023-09-08 11:39:27', '2023-09-06 13:16:41', 'Inherit', 'Inherit', 4, 'promotions', 'Promotions', NULL, '<p>Promotions Content here!</p>', NULL, NULL, 1, 1, 4, 0, 0, NULL, 0),
(4, 'SilverStripe\\ErrorPage\\ErrorPage', '2023-09-06 13:16:41', '2023-09-06 13:16:41', 'Inherit', 'Inherit', 2, 'page-not-found', 'Page not found', NULL, '<p>Sorry, it seems you were trying to access a page that doesn\'t exist.</p><p>Please check the spelling of the URL you were trying to access and try again.</p>', NULL, NULL, 0, 0, 5, 0, 0, NULL, 0),
(5, 'SilverStripe\\ErrorPage\\ErrorPage', '2023-09-06 13:16:42', '2023-09-06 13:16:42', 'Inherit', 'Inherit', 2, 'server-error', 'Server error', NULL, '<p>Sorry, there was a problem with handling your request.</p>', NULL, NULL, 0, 0, 6, 0, 0, NULL, 0),
(6, 'Page', '2023-09-08 11:39:53', '2023-09-08 11:39:35', 'Inherit', 'Inherit', 3, 'about', 'About', NULL, '<p>About content goes here</p>', NULL, NULL, 1, 1, 7, 0, 0, NULL, 0),
(7, 'Page', '2023-09-08 12:56:28', '2023-09-08 12:55:25', 'Inherit', 'Inherit', 5, 'products', 'Products', NULL, '<p>Product content here</p>', NULL, NULL, 1, 1, 2, 0, 0, NULL, 0);

-- --------------------------------------------------------

--
-- Table structure for table `SiteTree_Versions`
--

CREATE TABLE `SiteTree_Versions` (
  `ID` int(11) NOT NULL,
  `RecordID` int(11) NOT NULL DEFAULT '0',
  `Version` int(11) NOT NULL DEFAULT '0',
  `WasPublished` tinyint(1) UNSIGNED NOT NULL DEFAULT '0',
  `WasDeleted` tinyint(1) UNSIGNED NOT NULL DEFAULT '0',
  `WasDraft` tinyint(1) UNSIGNED NOT NULL DEFAULT '1',
  `AuthorID` int(11) NOT NULL DEFAULT '0',
  `PublisherID` int(11) NOT NULL DEFAULT '0',
  `ClassName` enum('SilverStripe\\CMS\\Model\\SiteTree','Page','SilverStripe\\ErrorPage\\ErrorPage','SilverStripe\\CMS\\Model\\RedirectorPage','SilverStripe\\CMS\\Model\\VirtualPage') CHARACTER SET utf8mb4 COLLATE utf8mb4_unicode_ci DEFAULT 'Page',
  `LastEdited` datetime DEFAULT NULL,
  `Created` datetime DEFAULT NULL,
  `CanViewType` enum('Anyone','LoggedInUsers','OnlyTheseUsers','Inherit') CHARACTER SET utf8mb4 COLLATE utf8mb4_unicode_ci DEFAULT 'Inherit',
  `CanEditType` enum('LoggedInUsers','OnlyTheseUsers','Inherit') CHARACTER SET utf8mb4 COLLATE utf8mb4_unicode_ci DEFAULT 'Inherit',
  `URLSegment` varchar(255) CHARACTER SET utf8mb4 COLLATE utf8mb4_unicode_ci DEFAULT NULL,
  `Title` varchar(255) CHARACTER SET utf8mb4 COLLATE utf8mb4_unicode_ci DEFAULT NULL,
  `MenuTitle` varchar(100) CHARACTER SET utf8mb4 COLLATE utf8mb4_unicode_ci DEFAULT NULL,
  `Content` mediumtext CHARACTER SET utf8mb4 COLLATE utf8mb4_unicode_ci,
  `MetaDescription` mediumtext CHARACTER SET utf8mb4 COLLATE utf8mb4_unicode_ci,
  `ExtraMeta` mediumtext CHARACTER SET utf8mb4 COLLATE utf8mb4_unicode_ci,
  `ShowInMenus` tinyint(1) UNSIGNED NOT NULL DEFAULT '0',
  `ShowInSearch` tinyint(1) UNSIGNED NOT NULL DEFAULT '0',
  `Sort` int(11) NOT NULL DEFAULT '0',
  `HasBrokenFile` tinyint(1) UNSIGNED NOT NULL DEFAULT '0',
  `HasBrokenLink` tinyint(1) UNSIGNED NOT NULL DEFAULT '0',
  `ReportClass` varchar(255) CHARACTER SET utf8mb4 COLLATE utf8mb4_unicode_ci DEFAULT NULL,
  `ParentID` int(11) NOT NULL DEFAULT '0'
) ENGINE=InnoDB DEFAULT CHARSET=latin1;

--
-- Dumping data for table `SiteTree_Versions`
--

INSERT INTO `SiteTree_Versions` (`ID`, `RecordID`, `Version`, `WasPublished`, `WasDeleted`, `WasDraft`, `AuthorID`, `PublisherID`, `ClassName`, `LastEdited`, `Created`, `CanViewType`, `CanEditType`, `URLSegment`, `Title`, `MenuTitle`, `Content`, `MetaDescription`, `ExtraMeta`, `ShowInMenus`, `ShowInSearch`, `Sort`, `HasBrokenFile`, `HasBrokenLink`, `ReportClass`, `ParentID`) VALUES
(1, 1, 1, 0, 0, 1, 0, 0, 'Page', '2023-09-06 13:16:41', '2023-09-06 13:16:41', 'Inherit', 'Inherit', 'home', 'Home', NULL, '<p>Welcome to SilverStripe! This is the default homepage. You can edit this page by opening <a href=\"admin/\">the CMS</a>.</p><p>You can now access the <a href=\"http://docs.silverstripe.org\">developer documentation</a>, or begin the <a href=\"http://www.silverstripe.org/learn/lessons\">SilverStripe lessons</a>.</p>', NULL, NULL, 1, 1, 1, 0, 0, NULL, 0),
(2, 1, 2, 1, 0, 1, 0, 0, 'Page', '2023-09-06 13:16:41', '2023-09-06 13:16:41', 'Inherit', 'Inherit', 'home', 'Home', NULL, '<p>Welcome to SilverStripe! This is the default homepage. You can edit this page by opening <a href=\"admin/\">the CMS</a>.</p><p>You can now access the <a href=\"http://docs.silverstripe.org\">developer documentation</a>, or begin the <a href=\"http://www.silverstripe.org/learn/lessons\">SilverStripe lessons</a>.</p>', NULL, NULL, 1, 1, 1, 0, 0, NULL, 0),
(3, 2, 1, 0, 0, 1, 0, 0, 'Page', '2023-09-06 13:16:41', '2023-09-06 13:16:41', 'Inherit', 'Inherit', 'about-us', 'About Us', NULL, '<p>You can fill this page out with your own content, or delete it and create your own pages.</p>', NULL, NULL, 1, 1, 2, 0, 0, NULL, 0),
(4, 2, 2, 1, 0, 1, 0, 0, 'Page', '2023-09-06 13:16:41', '2023-09-06 13:16:41', 'Inherit', 'Inherit', 'about-us', 'About Us', NULL, '<p>You can fill this page out with your own content, or delete it and create your own pages.</p>', NULL, NULL, 1, 1, 2, 0, 0, NULL, 0),
(5, 3, 1, 0, 0, 1, 0, 0, 'Page', '2023-09-06 13:16:41', '2023-09-06 13:16:41', 'Inherit', 'Inherit', 'contact-us', 'Contact Us', NULL, '<p>You can fill this page out with your own content, or delete it and create your own pages.</p>', NULL, NULL, 1, 1, 3, 0, 0, NULL, 0),
(6, 3, 2, 1, 0, 1, 0, 0, 'Page', '2023-09-06 13:16:41', '2023-09-06 13:16:41', 'Inherit', 'Inherit', 'contact-us', 'Contact Us', NULL, '<p>You can fill this page out with your own content, or delete it and create your own pages.</p>', NULL, NULL, 1, 1, 3, 0, 0, NULL, 0),
(7, 4, 1, 0, 0, 1, 0, 0, 'SilverStripe\\ErrorPage\\ErrorPage', '2023-09-06 13:16:41', '2023-09-06 13:16:41', 'Inherit', 'Inherit', 'page-not-found', 'Page not found', NULL, '<p>Sorry, it seems you were trying to access a page that doesn\'t exist.</p><p>Please check the spelling of the URL you were trying to access and try again.</p>', NULL, NULL, 0, 0, 4, 0, 0, NULL, 0),
(8, 4, 2, 1, 0, 1, 0, 0, 'SilverStripe\\ErrorPage\\ErrorPage', '2023-09-06 13:16:41', '2023-09-06 13:16:41', 'Inherit', 'Inherit', 'page-not-found', 'Page not found', NULL, '<p>Sorry, it seems you were trying to access a page that doesn\'t exist.</p><p>Please check the spelling of the URL you were trying to access and try again.</p>', NULL, NULL, 0, 0, 4, 0, 0, NULL, 0),
(9, 5, 1, 0, 0, 1, 0, 0, 'SilverStripe\\ErrorPage\\ErrorPage', '2023-09-06 13:16:42', '2023-09-06 13:16:42', 'Inherit', 'Inherit', 'server-error', 'Server error', NULL, '<p>Sorry, there was a problem with handling your request.</p>', NULL, NULL, 0, 0, 5, 0, 0, NULL, 0),
(10, 5, 2, 1, 0, 1, 0, 0, 'SilverStripe\\ErrorPage\\ErrorPage', '2023-09-06 13:16:42', '2023-09-06 13:16:42', 'Inherit', 'Inherit', 'server-error', 'Server error', NULL, '<p>Sorry, there was a problem with handling your request.</p>', NULL, NULL, 0, 0, 5, 0, 0, NULL, 0),
(11, 2, 3, 0, 0, 1, 1, 0, 'Page', '2023-09-08 11:39:04', '2023-09-06 13:16:41', 'Inherit', 'Inherit', 'support', 'Support', NULL, '<p>Support Content here</p>', NULL, NULL, 1, 1, 2, 0, 0, NULL, 0),
(12, 2, 4, 1, 0, 1, 1, 1, 'Page', '2023-09-08 11:39:04', '2023-09-06 13:16:41', 'Inherit', 'Inherit', 'support', 'Support', NULL, '<p>Support Content here</p>', NULL, NULL, 1, 1, 2, 0, 0, NULL, 0),
(13, 3, 3, 0, 0, 1, 1, 0, 'Page', '2023-09-08 11:39:27', '2023-09-06 13:16:41', 'Inherit', 'Inherit', 'promotions', 'Promotions', NULL, '<p>Promotions Content here!</p>', NULL, NULL, 1, 1, 3, 0, 0, NULL, 0),
(14, 3, 4, 1, 0, 1, 1, 1, 'Page', '2023-09-08 11:39:27', '2023-09-06 13:16:41', 'Inherit', 'Inherit', 'promotions', 'Promotions', NULL, '<p>Promotions Content here!</p>', NULL, NULL, 1, 1, 3, 0, 0, NULL, 0),
(15, 6, 1, 0, 0, 1, 1, 0, 'Page', '2023-09-08 11:39:35', '2023-09-08 11:39:35', 'Inherit', 'Inherit', 'new-page', 'New Page', NULL, NULL, NULL, NULL, 1, 1, 6, 0, 0, NULL, 0),
(16, 6, 2, 0, 0, 1, 1, 0, 'Page', '2023-09-08 11:39:53', '2023-09-08 11:39:35', 'Inherit', 'Inherit', 'about', 'About', NULL, '<p>About content goes here</p>', NULL, NULL, 1, 1, 6, 0, 0, NULL, 0),
(17, 6, 3, 1, 0, 1, 1, 1, 'Page', '2023-09-08 11:39:53', '2023-09-08 11:39:35', 'Inherit', 'Inherit', 'about', 'About', NULL, '<p>About content goes here</p>', NULL, NULL, 1, 1, 6, 0, 0, NULL, 0),
(18, 1, 3, 0, 0, 1, 1, 0, 'Page', '2023-09-08 11:40:37', '2023-09-06 13:16:41', 'Inherit', 'Inherit', 'products', 'Products', NULL, '<p>Product content here</p>', NULL, NULL, 1, 1, 1, 0, 0, NULL, 0),
(19, 1, 4, 1, 0, 1, 1, 1, 'Page', '2023-09-08 11:40:37', '2023-09-06 13:16:41', 'Inherit', 'Inherit', 'products', 'Products', NULL, '<p>Product content here</p>', NULL, NULL, 1, 1, 1, 0, 0, NULL, 0),
(20, 1, 5, 0, 0, 1, 1, 0, 'Page', '2023-09-08 12:55:10', '2023-09-06 13:16:41', 'Inherit', 'Inherit', 'home', 'Home', NULL, '<p>Home content here</p>', NULL, NULL, 1, 1, 1, 0, 0, NULL, 0),
(21, 1, 6, 1, 0, 1, 1, 1, 'Page', '2023-09-08 12:55:10', '2023-09-06 13:16:41', 'Inherit', 'Inherit', 'home', 'Home', NULL, '<p>Home content here</p>', NULL, NULL, 1, 1, 1, 0, 0, NULL, 0),
(22, 1, 7, 0, 0, 1, 1, 0, 'Page', '2023-09-08 12:55:18', '2023-09-06 13:16:41', 'Inherit', 'Inherit', 'home', 'Home', NULL, '<p>Home content here</p>', NULL, NULL, 0, 1, 1, 0, 0, NULL, 0),
(23, 1, 8, 1, 0, 1, 1, 1, 'Page', '2023-09-08 12:55:18', '2023-09-06 13:16:41', 'Inherit', 'Inherit', 'home', 'Home', NULL, '<p>Home content here</p>', NULL, NULL, 0, 1, 1, 0, 0, NULL, 0),
(24, 7, 1, 0, 0, 1, 1, 0, 'Page', '2023-09-08 12:55:25', '2023-09-08 12:55:25', 'Inherit', 'Inherit', 'new-page', 'New Page', NULL, NULL, NULL, NULL, 1, 1, 7, 0, 0, NULL, 0),
(25, 7, 2, 0, 0, 1, 1, 0, 'Page', '2023-09-08 12:55:39', '2023-09-08 12:55:25', 'Inherit', 'Inherit', 'products', 'Products', NULL, '<p>Product content here</p>', NULL, NULL, 1, 1, 7, 0, 0, NULL, 0),
(26, 7, 3, 1, 0, 1, 1, 1, 'Page', '2023-09-08 12:55:39', '2023-09-08 12:55:25', 'Inherit', 'Inherit', 'products', 'Products', NULL, '<p>Product content here</p>', NULL, NULL, 1, 1, 7, 0, 0, NULL, 0),
(27, 7, 4, 0, 0, 1, 1, 0, 'Page', '2023-09-08 12:56:16', '2023-09-08 12:55:25', 'Inherit', 'Inherit', 'products', 'Products', NULL, '<p>Product content here</p>', NULL, NULL, 1, 1, 2, 0, 0, NULL, 0),
(28, 7, 5, 1, 0, 1, 1, 1, 'Page', '2023-09-08 12:56:28', '2023-09-08 12:55:25', 'Inherit', 'Inherit', 'products', 'Products', NULL, '<p>Product content here</p>', NULL, NULL, 1, 1, 2, 0, 0, NULL, 0);

-- --------------------------------------------------------

--
-- Table structure for table `SiteTree_ViewerGroups`
--

CREATE TABLE `SiteTree_ViewerGroups` (
  `ID` int(11) NOT NULL,
  `SiteTreeID` int(11) NOT NULL DEFAULT '0',
  `GroupID` int(11) NOT NULL DEFAULT '0'
) ENGINE=InnoDB DEFAULT CHARSET=latin1;

-- --------------------------------------------------------

--
-- Table structure for table `VirtualPage`
--

CREATE TABLE `VirtualPage` (
  `ID` int(11) NOT NULL,
  `VersionID` int(11) NOT NULL DEFAULT '0',
  `CopyContentFromID` int(11) NOT NULL DEFAULT '0'
) ENGINE=InnoDB DEFAULT CHARSET=latin1;

-- --------------------------------------------------------

--
-- Table structure for table `VirtualPage_Live`
--

CREATE TABLE `VirtualPage_Live` (
  `ID` int(11) NOT NULL,
  `VersionID` int(11) NOT NULL DEFAULT '0',
  `CopyContentFromID` int(11) NOT NULL DEFAULT '0'
) ENGINE=InnoDB DEFAULT CHARSET=latin1;

-- --------------------------------------------------------

--
-- Table structure for table `VirtualPage_Versions`
--

CREATE TABLE `VirtualPage_Versions` (
  `ID` int(11) NOT NULL,
  `RecordID` int(11) NOT NULL DEFAULT '0',
  `Version` int(11) NOT NULL DEFAULT '0',
  `VersionID` int(11) NOT NULL DEFAULT '0',
  `CopyContentFromID` int(11) NOT NULL DEFAULT '0'
) ENGINE=InnoDB DEFAULT CHARSET=latin1;

--
-- Indexes for dumped tables
--

--
-- Indexes for table `ChangeSet`
--
ALTER TABLE `ChangeSet`
  ADD PRIMARY KEY (`ID`),
  ADD KEY `State` (`State`),
  ADD KEY `ID` (`ID`),
  ADD KEY `ClassName` (`ClassName`),
  ADD KEY `OwnerID` (`OwnerID`),
  ADD KEY `PublisherID` (`PublisherID`);

--
-- Indexes for table `ChangeSetItem`
--
ALTER TABLE `ChangeSetItem`
  ADD PRIMARY KEY (`ID`),
  ADD UNIQUE KEY `ObjectUniquePerChangeSet` (`ObjectID`,`ObjectClass`,`ChangeSetID`),
  ADD KEY `ClassName` (`ClassName`),
  ADD KEY `ChangeSetID` (`ChangeSetID`),
  ADD KEY `Object` (`ObjectID`,`ObjectClass`);

--
-- Indexes for table `ChangeSetItem_ReferencedBy`
--
ALTER TABLE `ChangeSetItem_ReferencedBy`
  ADD PRIMARY KEY (`ID`),
  ADD KEY `ChangeSetItemID` (`ChangeSetItemID`),
  ADD KEY `ChildID` (`ChildID`);

--
-- Indexes for table `ErrorPage`
--
ALTER TABLE `ErrorPage`
  ADD PRIMARY KEY (`ID`);

--
-- Indexes for table `ErrorPage_Live`
--
ALTER TABLE `ErrorPage_Live`
  ADD PRIMARY KEY (`ID`);

--
-- Indexes for table `ErrorPage_Versions`
--
ALTER TABLE `ErrorPage_Versions`
  ADD PRIMARY KEY (`ID`),
  ADD UNIQUE KEY `RecordID_Version` (`RecordID`,`Version`),
  ADD KEY `RecordID` (`RecordID`),
  ADD KEY `Version` (`Version`);

--
-- Indexes for table `File`
--
ALTER TABLE `File`
  ADD PRIMARY KEY (`ID`),
  ADD KEY `Name` (`Name`),
  ADD KEY `ClassName` (`ClassName`),
  ADD KEY `ParentID` (`ParentID`),
  ADD KEY `OwnerID` (`OwnerID`),
  ADD KEY `FileHash` (`FileHash`);

--
-- Indexes for table `FileLink`
--
ALTER TABLE `FileLink`
  ADD PRIMARY KEY (`ID`),
  ADD KEY `ClassName` (`ClassName`),
  ADD KEY `LinkedID` (`LinkedID`),
  ADD KEY `Parent` (`ParentID`,`ParentClass`);

--
-- Indexes for table `File_EditorGroups`
--
ALTER TABLE `File_EditorGroups`
  ADD PRIMARY KEY (`ID`),
  ADD KEY `FileID` (`FileID`),
  ADD KEY `GroupID` (`GroupID`);

--
-- Indexes for table `File_Live`
--
ALTER TABLE `File_Live`
  ADD PRIMARY KEY (`ID`),
  ADD KEY `Name` (`Name`),
  ADD KEY `ClassName` (`ClassName`),
  ADD KEY `ParentID` (`ParentID`),
  ADD KEY `OwnerID` (`OwnerID`),
  ADD KEY `FileHash` (`FileHash`);

--
-- Indexes for table `File_Versions`
--
ALTER TABLE `File_Versions`
  ADD PRIMARY KEY (`ID`),
  ADD KEY `RecordID_Version` (`RecordID`,`Version`),
  ADD KEY `RecordID` (`RecordID`),
  ADD KEY `Version` (`Version`),
  ADD KEY `AuthorID` (`AuthorID`),
  ADD KEY `PublisherID` (`PublisherID`),
  ADD KEY `Name` (`Name`),
  ADD KEY `ClassName` (`ClassName`),
  ADD KEY `ParentID` (`ParentID`),
  ADD KEY `OwnerID` (`OwnerID`),
  ADD KEY `FileHash` (`FileHash`);

--
-- Indexes for table `File_ViewerGroups`
--
ALTER TABLE `File_ViewerGroups`
  ADD PRIMARY KEY (`ID`),
  ADD KEY `FileID` (`FileID`),
  ADD KEY `GroupID` (`GroupID`);

--
-- Indexes for table `Group`
--
ALTER TABLE `Group`
  ADD PRIMARY KEY (`ID`),
  ADD KEY `ClassName` (`ClassName`),
  ADD KEY `ParentID` (`ParentID`),
  ADD KEY `Title` (`Title`),
  ADD KEY `Code` (`Code`),
  ADD KEY `Sort` (`Sort`);

--
-- Indexes for table `Group_Members`
--
ALTER TABLE `Group_Members`
  ADD PRIMARY KEY (`ID`),
  ADD KEY `GroupID` (`GroupID`),
  ADD KEY `MemberID` (`MemberID`);

--
-- Indexes for table `Group_Roles`
--
ALTER TABLE `Group_Roles`
  ADD PRIMARY KEY (`ID`),
  ADD KEY `GroupID` (`GroupID`),
  ADD KEY `PermissionRoleID` (`PermissionRoleID`);

--
-- Indexes for table `LoginAttempt`
--
ALTER TABLE `LoginAttempt`
  ADD PRIMARY KEY (`ID`),
  ADD KEY `ClassName` (`ClassName`),
  ADD KEY `MemberID` (`MemberID`),
  ADD KEY `EmailHashed` (`EmailHashed`);

--
-- Indexes for table `LoginSession`
--
ALTER TABLE `LoginSession`
  ADD PRIMARY KEY (`ID`),
  ADD KEY `LastAccessed` (`LastAccessed`),
  ADD KEY `ClassName` (`ClassName`),
  ADD KEY `MemberID` (`MemberID`);

--
-- Indexes for table `Member`
--
ALTER TABLE `Member`
  ADD PRIMARY KEY (`ID`),
  ADD KEY `Surname` (`Surname`),
  ADD KEY `FirstName` (`FirstName`),
  ADD KEY `ClassName` (`ClassName`),
  ADD KEY `Email` (`Email`);

--
-- Indexes for table `MemberPassword`
--
ALTER TABLE `MemberPassword`
  ADD PRIMARY KEY (`ID`),
  ADD KEY `ClassName` (`ClassName`),
  ADD KEY `MemberID` (`MemberID`);

--
-- Indexes for table `Permission`
--
ALTER TABLE `Permission`
  ADD PRIMARY KEY (`ID`),
  ADD KEY `ClassName` (`ClassName`),
  ADD KEY `GroupID` (`GroupID`),
  ADD KEY `Code` (`Code`);

--
-- Indexes for table `PermissionRole`
--
ALTER TABLE `PermissionRole`
  ADD PRIMARY KEY (`ID`),
  ADD KEY `Title` (`Title`),
  ADD KEY `ClassName` (`ClassName`);

--
-- Indexes for table `PermissionRoleCode`
--
ALTER TABLE `PermissionRoleCode`
  ADD PRIMARY KEY (`ID`),
  ADD KEY `ClassName` (`ClassName`),
  ADD KEY `RoleID` (`RoleID`),
  ADD KEY `Code` (`Code`);

--
-- Indexes for table `RedirectorPage`
--
ALTER TABLE `RedirectorPage`
  ADD PRIMARY KEY (`ID`),
  ADD KEY `LinkToID` (`LinkToID`),
  ADD KEY `LinkToFileID` (`LinkToFileID`);

--
-- Indexes for table `RedirectorPage_Live`
--
ALTER TABLE `RedirectorPage_Live`
  ADD PRIMARY KEY (`ID`),
  ADD KEY `LinkToID` (`LinkToID`),
  ADD KEY `LinkToFileID` (`LinkToFileID`);

--
-- Indexes for table `RedirectorPage_Versions`
--
ALTER TABLE `RedirectorPage_Versions`
  ADD PRIMARY KEY (`ID`),
  ADD UNIQUE KEY `RecordID_Version` (`RecordID`,`Version`),
  ADD KEY `RecordID` (`RecordID`),
  ADD KEY `Version` (`Version`),
  ADD KEY `LinkToID` (`LinkToID`),
  ADD KEY `LinkToFileID` (`LinkToFileID`);

--
-- Indexes for table `RememberLoginHash`
--
ALTER TABLE `RememberLoginHash`
  ADD PRIMARY KEY (`ID`),
  ADD KEY `ClassName` (`ClassName`),
  ADD KEY `LoginSessionID` (`LoginSessionID`),
  ADD KEY `MemberID` (`MemberID`),
  ADD KEY `DeviceID` (`DeviceID`),
  ADD KEY `Hash` (`Hash`);

--
-- Indexes for table `SiteConfig`
--
ALTER TABLE `SiteConfig`
  ADD PRIMARY KEY (`ID`),
  ADD KEY `ClassName` (`ClassName`);

--
-- Indexes for table `SiteConfig_CreateTopLevelGroups`
--
ALTER TABLE `SiteConfig_CreateTopLevelGroups`
  ADD PRIMARY KEY (`ID`),
  ADD KEY `SiteConfigID` (`SiteConfigID`),
  ADD KEY `GroupID` (`GroupID`);

--
-- Indexes for table `SiteConfig_EditorGroups`
--
ALTER TABLE `SiteConfig_EditorGroups`
  ADD PRIMARY KEY (`ID`),
  ADD KEY `SiteConfigID` (`SiteConfigID`),
  ADD KEY `GroupID` (`GroupID`);

--
-- Indexes for table `SiteConfig_ViewerGroups`
--
ALTER TABLE `SiteConfig_ViewerGroups`
  ADD PRIMARY KEY (`ID`),
  ADD KEY `SiteConfigID` (`SiteConfigID`),
  ADD KEY `GroupID` (`GroupID`);

--
-- Indexes for table `SiteTree`
--
ALTER TABLE `SiteTree`
  ADD PRIMARY KEY (`ID`),
  ADD KEY `Sort` (`Sort`),
  ADD KEY `ClassName` (`ClassName`),
  ADD KEY `ParentID` (`ParentID`),
  ADD KEY `URLSegment` (`URLSegment`);

--
-- Indexes for table `SiteTreeLink`
--
ALTER TABLE `SiteTreeLink`
  ADD PRIMARY KEY (`ID`),
  ADD KEY `ClassName` (`ClassName`),
  ADD KEY `LinkedID` (`LinkedID`),
  ADD KEY `Parent` (`ParentID`,`ParentClass`);

--
-- Indexes for table `SiteTree_EditorGroups`
--
ALTER TABLE `SiteTree_EditorGroups`
  ADD PRIMARY KEY (`ID`),
  ADD KEY `SiteTreeID` (`SiteTreeID`),
  ADD KEY `GroupID` (`GroupID`);

--
-- Indexes for table `SiteTree_Live`
--
ALTER TABLE `SiteTree_Live`
  ADD PRIMARY KEY (`ID`),
  ADD KEY `Sort` (`Sort`),
  ADD KEY `ClassName` (`ClassName`),
  ADD KEY `ParentID` (`ParentID`),
  ADD KEY `URLSegment` (`URLSegment`);

--
-- Indexes for table `SiteTree_Versions`
--
ALTER TABLE `SiteTree_Versions`
  ADD PRIMARY KEY (`ID`),
  ADD KEY `RecordID_Version` (`RecordID`,`Version`),
  ADD KEY `RecordID` (`RecordID`),
  ADD KEY `Version` (`Version`),
  ADD KEY `AuthorID` (`AuthorID`),
  ADD KEY `PublisherID` (`PublisherID`),
  ADD KEY `Sort` (`Sort`),
  ADD KEY `ClassName` (`ClassName`),
  ADD KEY `ParentID` (`ParentID`),
  ADD KEY `URLSegment` (`URLSegment`);

--
-- Indexes for table `SiteTree_ViewerGroups`
--
ALTER TABLE `SiteTree_ViewerGroups`
  ADD PRIMARY KEY (`ID`),
  ADD KEY `SiteTreeID` (`SiteTreeID`),
  ADD KEY `GroupID` (`GroupID`);

--
-- Indexes for table `VirtualPage`
--
ALTER TABLE `VirtualPage`
  ADD PRIMARY KEY (`ID`),
  ADD KEY `CopyContentFromID` (`CopyContentFromID`);

--
-- Indexes for table `VirtualPage_Live`
--
ALTER TABLE `VirtualPage_Live`
  ADD PRIMARY KEY (`ID`),
  ADD KEY `CopyContentFromID` (`CopyContentFromID`);

--
-- Indexes for table `VirtualPage_Versions`
--
ALTER TABLE `VirtualPage_Versions`
  ADD PRIMARY KEY (`ID`),
  ADD UNIQUE KEY `RecordID_Version` (`RecordID`,`Version`),
  ADD KEY `RecordID` (`RecordID`),
  ADD KEY `Version` (`Version`),
  ADD KEY `CopyContentFromID` (`CopyContentFromID`);

--
-- AUTO_INCREMENT for dumped tables
--

--
-- AUTO_INCREMENT for table `ChangeSet`
--
ALTER TABLE `ChangeSet`
  MODIFY `ID` int(11) NOT NULL AUTO_INCREMENT, AUTO_INCREMENT=18;

--
-- AUTO_INCREMENT for table `ChangeSetItem`
--
ALTER TABLE `ChangeSetItem`
  MODIFY `ID` int(11) NOT NULL AUTO_INCREMENT, AUTO_INCREMENT=18;

--
-- AUTO_INCREMENT for table `ChangeSetItem_ReferencedBy`
--
ALTER TABLE `ChangeSetItem_ReferencedBy`
  MODIFY `ID` int(11) NOT NULL AUTO_INCREMENT;

--
-- AUTO_INCREMENT for table `ErrorPage`
--
ALTER TABLE `ErrorPage`
  MODIFY `ID` int(11) NOT NULL AUTO_INCREMENT, AUTO_INCREMENT=6;

--
-- AUTO_INCREMENT for table `ErrorPage_Live`
--
ALTER TABLE `ErrorPage_Live`
  MODIFY `ID` int(11) NOT NULL AUTO_INCREMENT, AUTO_INCREMENT=6;

--
-- AUTO_INCREMENT for table `ErrorPage_Versions`
--
ALTER TABLE `ErrorPage_Versions`
  MODIFY `ID` int(11) NOT NULL AUTO_INCREMENT, AUTO_INCREMENT=5;

--
-- AUTO_INCREMENT for table `File`
--
ALTER TABLE `File`
  MODIFY `ID` int(11) NOT NULL AUTO_INCREMENT, AUTO_INCREMENT=8;

--
-- AUTO_INCREMENT for table `FileLink`
--
ALTER TABLE `FileLink`
  MODIFY `ID` int(11) NOT NULL AUTO_INCREMENT;

--
-- AUTO_INCREMENT for table `File_EditorGroups`
--
ALTER TABLE `File_EditorGroups`
  MODIFY `ID` int(11) NOT NULL AUTO_INCREMENT;

--
-- AUTO_INCREMENT for table `File_Live`
--
ALTER TABLE `File_Live`
  MODIFY `ID` int(11) NOT NULL AUTO_INCREMENT, AUTO_INCREMENT=8;

--
-- AUTO_INCREMENT for table `File_Versions`
--
ALTER TABLE `File_Versions`
  MODIFY `ID` int(11) NOT NULL AUTO_INCREMENT, AUTO_INCREMENT=28;

--
-- AUTO_INCREMENT for table `File_ViewerGroups`
--
ALTER TABLE `File_ViewerGroups`
  MODIFY `ID` int(11) NOT NULL AUTO_INCREMENT;

--
-- AUTO_INCREMENT for table `Group`
--
ALTER TABLE `Group`
  MODIFY `ID` int(11) NOT NULL AUTO_INCREMENT, AUTO_INCREMENT=3;

--
-- AUTO_INCREMENT for table `Group_Members`
--
ALTER TABLE `Group_Members`
  MODIFY `ID` int(11) NOT NULL AUTO_INCREMENT, AUTO_INCREMENT=2;

--
-- AUTO_INCREMENT for table `Group_Roles`
--
ALTER TABLE `Group_Roles`
  MODIFY `ID` int(11) NOT NULL AUTO_INCREMENT;

--
-- AUTO_INCREMENT for table `LoginAttempt`
--
ALTER TABLE `LoginAttempt`
  MODIFY `ID` int(11) NOT NULL AUTO_INCREMENT, AUTO_INCREMENT=4;

--
-- AUTO_INCREMENT for table `LoginSession`
--
ALTER TABLE `LoginSession`
  MODIFY `ID` int(11) NOT NULL AUTO_INCREMENT, AUTO_INCREMENT=4;

--
-- AUTO_INCREMENT for table `Member`
--
ALTER TABLE `Member`
  MODIFY `ID` int(11) NOT NULL AUTO_INCREMENT, AUTO_INCREMENT=2;

--
-- AUTO_INCREMENT for table `MemberPassword`
--
ALTER TABLE `MemberPassword`
  MODIFY `ID` int(11) NOT NULL AUTO_INCREMENT, AUTO_INCREMENT=2;

--
-- AUTO_INCREMENT for table `Permission`
--
ALTER TABLE `Permission`
  MODIFY `ID` int(11) NOT NULL AUTO_INCREMENT, AUTO_INCREMENT=6;

--
-- AUTO_INCREMENT for table `PermissionRole`
--
ALTER TABLE `PermissionRole`
  MODIFY `ID` int(11) NOT NULL AUTO_INCREMENT;

--
-- AUTO_INCREMENT for table `PermissionRoleCode`
--
ALTER TABLE `PermissionRoleCode`
  MODIFY `ID` int(11) NOT NULL AUTO_INCREMENT;

--
-- AUTO_INCREMENT for table `RedirectorPage`
--
ALTER TABLE `RedirectorPage`
  MODIFY `ID` int(11) NOT NULL AUTO_INCREMENT;

--
-- AUTO_INCREMENT for table `RedirectorPage_Live`
--
ALTER TABLE `RedirectorPage_Live`
  MODIFY `ID` int(11) NOT NULL AUTO_INCREMENT;

--
-- AUTO_INCREMENT for table `RedirectorPage_Versions`
--
ALTER TABLE `RedirectorPage_Versions`
  MODIFY `ID` int(11) NOT NULL AUTO_INCREMENT;

--
-- AUTO_INCREMENT for table `RememberLoginHash`
--
ALTER TABLE `RememberLoginHash`
  MODIFY `ID` int(11) NOT NULL AUTO_INCREMENT;

--
-- AUTO_INCREMENT for table `SiteConfig`
--
ALTER TABLE `SiteConfig`
  MODIFY `ID` int(11) NOT NULL AUTO_INCREMENT, AUTO_INCREMENT=2;

--
-- AUTO_INCREMENT for table `SiteConfig_CreateTopLevelGroups`
--
ALTER TABLE `SiteConfig_CreateTopLevelGroups`
  MODIFY `ID` int(11) NOT NULL AUTO_INCREMENT;

--
-- AUTO_INCREMENT for table `SiteConfig_EditorGroups`
--
ALTER TABLE `SiteConfig_EditorGroups`
  MODIFY `ID` int(11) NOT NULL AUTO_INCREMENT;

--
-- AUTO_INCREMENT for table `SiteConfig_ViewerGroups`
--
ALTER TABLE `SiteConfig_ViewerGroups`
  MODIFY `ID` int(11) NOT NULL AUTO_INCREMENT;

--
-- AUTO_INCREMENT for table `SiteTree`
--
ALTER TABLE `SiteTree`
  MODIFY `ID` int(11) NOT NULL AUTO_INCREMENT, AUTO_INCREMENT=8;

--
-- AUTO_INCREMENT for table `SiteTreeLink`
--
ALTER TABLE `SiteTreeLink`
  MODIFY `ID` int(11) NOT NULL AUTO_INCREMENT;

--
-- AUTO_INCREMENT for table `SiteTree_EditorGroups`
--
ALTER TABLE `SiteTree_EditorGroups`
  MODIFY `ID` int(11) NOT NULL AUTO_INCREMENT;

--
-- AUTO_INCREMENT for table `SiteTree_Live`
--
ALTER TABLE `SiteTree_Live`
  MODIFY `ID` int(11) NOT NULL AUTO_INCREMENT, AUTO_INCREMENT=8;

--
-- AUTO_INCREMENT for table `SiteTree_Versions`
--
ALTER TABLE `SiteTree_Versions`
  MODIFY `ID` int(11) NOT NULL AUTO_INCREMENT, AUTO_INCREMENT=29;

--
-- AUTO_INCREMENT for table `SiteTree_ViewerGroups`
--
ALTER TABLE `SiteTree_ViewerGroups`
  MODIFY `ID` int(11) NOT NULL AUTO_INCREMENT;

--
-- AUTO_INCREMENT for table `VirtualPage`
--
ALTER TABLE `VirtualPage`
  MODIFY `ID` int(11) NOT NULL AUTO_INCREMENT;

--
-- AUTO_INCREMENT for table `VirtualPage_Live`
--
ALTER TABLE `VirtualPage_Live`
  MODIFY `ID` int(11) NOT NULL AUTO_INCREMENT;

--
-- AUTO_INCREMENT for table `VirtualPage_Versions`
--
ALTER TABLE `VirtualPage_Versions`
  MODIFY `ID` int(11) NOT NULL AUTO_INCREMENT;
COMMIT;

/*!40101 SET CHARACTER_SET_CLIENT=@OLD_CHARACTER_SET_CLIENT */;
/*!40101 SET CHARACTER_SET_RESULTS=@OLD_CHARACTER_SET_RESULTS */;
/*!40101 SET COLLATION_CONNECTION=@OLD_COLLATION_CONNECTION */;
